{"id":"APP_MODEL-d4a8a63c-bacd-467d-b312-3e696a69156a","name":"Hem_Dashboard_SubForm_POC","key":"hem_Dashboard_SubForm_POC","description":"","editorJson":{"models":[],"cmmnModels":[],"formModels":[{"id":"FORM_MODEL-b34a899b-ae21-4400-b3ac-3013a974df36","name":"UIT_111_Form_Hem_Dashboard","version":121,"modelType":2,"description":"","createdBy":"akashb21","lastUpdatedBy":"akashb21","lastUpdated":"2023-05-09T20:11:17.493+00:00","lockedBy":"akashb21","lockedAt":"2023-05-09T19:48:24.514+00:00","key":"uIT_111_Form_Hem_Dashboard","tenantId":"default","tags":[]}],"dmnModels":[],"decisionServiceModels":[],"workModels":[{"id":"SERVICE_DEFINITION_MODEL-4adcf353-2f7c-4664-ac7d-25991695c859","name":"UIT_111_Service_HEM_Entities","version":27,"modelType":13,"createdBy":"sarang","lastUpdatedBy":"akashb21","lastUpdated":"2023-05-09T15:03:57.348+00:00","lockedBy":"akashb21","lockedAt":"2023-05-09T14:08:23.693+00:00","key":"uIT_111_Service_HEM_Entities","tenantId":"default","tags":[],"modelLockingEnabled":true,"modelEditable":true,"isModelEditable":true,"isModelLockingEnabled":true},{"id":"DATA_OBJECT_MODEL-2325db5e-b11b-4ce3-b9ed-e8af310c4ea5","name":"UIT_111_DataObj_HEM_Entities","version":4,"modelType":11,"createdBy":"sarang","lastUpdatedBy":"akashb21","lastUpdated":"2023-05-09T14:14:04.694+00:00","lockedBy":"akashb21","lockedAt":"2023-05-05T15:09:53.760+00:00","key":"uIT_111_DataObj_HEM_Entities","tenantId":"default","tags":[],"modelLockingEnabled":true,"modelEditable":true,"isModelEditable":true,"isModelLockingEnabled":true}],"linkedModels":[],"pages":[{"id":"PAGE_MODEL-e48f7026-799e-487c-90dc-24a2aa3026b7","name":"UIT_111_Hem_Dashboard","version":134,"modelType":9,"description":"","createdBy":"akashb21","lastUpdatedBy":"akashb21","lastUpdated":"2023-05-09T20:11:05.974+00:00","lockedBy":"akashb21","lockedAt":"2023-05-04T18:27:42.023+00:00","key":"uIT_111_Hem_Dashboard","tenantId":"default","tags":[],"label":"UIT_111_Ham_Dashboard","url":"uIT_111_Ham_Dashboard","i18n":{},"modelLockingEnabled":true,"modelEditable":true,"isModelEditable":true,"isModelLockingEnabled":true}],"theme":"theme-1","icon":"glyphicon-asterisk","name":"Hem_Dashboard_SubForm_POC","key":"hem_Dashboard_SubForm_POC","flowApp":true,"i18n":{},"isRelease":false}}