{"id":"APP_MODEL-d4a8a63c-bacd-467d-b312-3e696a69156a","name":"Ham_Dashboard_SubForm_POC","key":"ham_Dashboard_SubForm_POC","description":"","editorJson":{"models":[],"cmmnModels":[],"formModels":[],"dmnModels":[],"decisionServiceModels":[],"workModels":[{"id":"SERVICE_DEFINITION_MODEL-30e4b497-a67a-453d-9de2-a52d05d993b4","name":"UIT_111_Service_VerifyServiceName","version":11,"modelType":13,"createdBy":"akashb21","lastUpdatedBy":"gary1919","lastUpdated":"2023-04-28T15:24:38.644+00:00","lockedBy":"gary1919","lockedAt":"2023-04-28T14:43:30.747+00:00","key":"uIT_111_Service_VerifyServiceName","tenantId":"default","tags":[],"modelLockingEnabled":true,"modelEditable":false,"isModelEditable":false,"isModelLockingEnabled":true},{"id":"DATA_OBJECT_MODEL-9619e522-cf91-4950-800d-5693adf8552e","name":"UIT_111_DataObj_VerifyServiceName","version":4,"modelType":11,"createdBy":"akashb21","lastUpdatedBy":"gary1919","lastUpdated":"2023-04-28T14:58:41.279+00:00","lockedBy":"gary1919","lockedAt":"2023-04-28T14:58:33.643+00:00","key":"uIT_111_DataObj_VerifyServiceName","tenantId":"default","tags":[],"modelLockingEnabled":true,"modelEditable":false,"isModelEditable":false,"isModelLockingEnabled":true}],"linkedModels":[],"pages":[{"id":"PAGE_MODEL-e48f7026-799e-487c-90dc-24a2aa3026b7","name":"UIT_111_Ham_Dashboard","version":42,"modelType":9,"description":"","createdBy":"akashb21","lastUpdatedBy":"akashb21","lastUpdated":"2023-05-05T01:51:35.505+00:00","lockedBy":"akashb21","lockedAt":"2023-05-04T18:27:42.023+00:00","key":"uIT_111_Ham_Dashboard","tenantId":"default","tags":[],"label":"UIT_111_Ham_Dashboard","url":"uIT_111_Ham_Dashboard","i18n":{},"modelLockingEnabled":true,"modelEditable":true,"isModelEditable":true,"isModelLockingEnabled":true}],"theme":"theme-1","icon":"glyphicon-asterisk","name":"Ham_Dashboard_SubForm_POC","key":"ham_Dashboard_SubForm_POC","flowApp":true,"i18n":{},"isRelease":false}}