{"id":"SERVICE_DEFINITION_MODEL-30e4b497-a67a-453d-9de2-a52d05d993b4","name":"UIT_111_Service_VerifyServiceName","key":"uIT_111_Service_VerifyServiceName","description":null,"tenantId":"default","editorJson":{"type":"REST","operations":[{"name":"Lookup","key":"findByServiceName","inputParameters":[{"displayName":"Service Name","name":"serviceName","mappingName":"serviceName","required":false,"type":"string"}],"config":{"url":"?serviceName=${serviceName}","method":"GET"},"type":"lookup","outputParameters":[{"displayName":"ifExist","name":"ifExist","nullValueConfig":"setToNull","missingValueConfig":"ignore","mappingName":"ifExist","type":"boolean"}]}],"config":{"baseUrl":"http://nifi1:8000/uit_111/auditing"},"referenceKey":"uIT_111_DataObj_VerifyServiceName","tenantId":"default","outputParameters":[{"displayName":"ifExist","name":"ifExist","nullValueConfig":"setToNull","missingValueConfig":"ignore","mappingName":"ifExist","type":"boolean"}]}}