{"id":"SERVICE_DEFINITION_MODEL-4adcf353-2f7c-4664-ac7d-25991695c859","name":"UIT_111_Service_HEM_Entities","key":"uIT_111_Service_HEM_Entities","description":null,"tenantId":"default","editorJson":{"type":"REST","config":{"baseUrl":"http://nifi1:8000/uit_111/HEM"},"tenantId":"default","operations":[{"name":"Lookup","key":"findById","inputParameters":[],"outputParameters":[],"config":{},"type":"lookup"},{"name":"Create","key":"create","inputParameters":[],"config":{"method":"POST"},"type":"create"},{"name":"Update","key":"update","inputParameters":[{"displayName":"L2_Enitiy_Id","name":"l2_Enitiy_Id","mappingName":"l2_Enitiy_Id","required":false,"type":"integer"}],"config":{"method":"POST"},"type":"update"},{"name":"Delete","key":"delete","inputParameters":[],"config":{},"type":"delete"},{"name":"getAllEntities","key":"getAllEntities","inputParameters":[],"config":{"method":"GET","url":"?methodName=getAllEntities"},"type":"search","outputParameters":[{"displayName":"Entities","name":"entities","nullValueConfig":"setToNull","missingValueConfig":"ignore","mappingName":"entities","type":"json"},{"displayName":"L1_Entities","name":"l1_Entities","nullValueConfig":"setToNull","missingValueConfig":"ignore","mappingName":"l1_Entities","type":"json"},{"displayName":"ResponseMsg","name":"responseMsg","nullValueConfig":"setToNull","missingValueConfig":"ignore","mappingName":"responseMsg","type":"string"}]},{"name":"GetL1Entities","key":"getL1Entities","inputParameters":[],"outputParameters":[{"displayName":"Entities","name":"entities","nullValueConfig":"setToNull","missingValueConfig":"ignore","mappingName":"entities","type":"json"},{"displayName":"L1_Entities","name":"l1_Entities","nullValueConfig":"setToNull","missingValueConfig":"ignore","mappingName":"l1_Entities","type":"json"},{"displayName":"ResponseMsg","name":"responseMsg","nullValueConfig":"setToNull","missingValueConfig":"ignore","mappingName":"responseMsg","type":"string"}],"config":{"url":"?methodName=get_L1_Entities","method":"GET"},"type":"search"},{"name":"MoveL2Entity","key":"moveL2Entity","inputParameters":[{"displayName":"L2_Entity_Id","name":"l2_Entity_Id","mappingName":"l2_Entity_Id","required":false,"type":"integer"},{"displayName":"L1_Entity_Id","name":"l1_Entity_Id","mappingName":"l1_Entity_Id","required":false,"type":"integer"}],"outputParameters":[{"displayName":"Entities","name":"entities","nullValueConfig":"setToNull","missingValueConfig":"ignore","mappingName":"entities","type":"json"},{"displayName":"L1_Entities","name":"l1_Entities","nullValueConfig":"setToNull","missingValueConfig":"ignore","mappingName":"l1_Entities","type":"json"},{"displayName":"ResponseMsg","name":"responseMsg","nullValueConfig":"setToNull","missingValueConfig":"ignore","mappingName":"responseMsg","type":"string"}],"config":{"method":"POST"},"type":"create"},{"name":"saveEntities","key":"saveEntities","inputParameters":[{"displayName":"Entities","name":"entities","mappingName":"entities","required":false,"type":"array"}],"outputParameters":[{"displayName":"Entities","name":"entities","nullValueConfig":"setToNull","missingValueConfig":"ignore","mappingName":"entities","type":"json"},{"displayName":"L1_Entities","name":"l1_Entities","nullValueConfig":"setToNull","missingValueConfig":"ignore","mappingName":"l1_Entities","type":"json"},{"displayName":"ResponseMsg","name":"responseMsg","nullValueConfig":"setToNull","missingValueConfig":"ignore","mappingName":"responseMsg","type":"string"}],"config":{"method":"POST"},"type":"create"}],"referenceKey":"uIT_111_DataObj_HEM_Entities","outputParameters":[{"displayName":"Entities","name":"entities","nullValueConfig":"setToNull","missingValueConfig":"ignore","mappingName":"entities","type":"json"},{"displayName":"L1_Entities","name":"l1_Entities","nullValueConfig":"setToNull","missingValueConfig":"ignore","mappingName":"l1_Entities","type":"json"},{"displayName":"ResponseMsg","name":"responseMsg","nullValueConfig":"setToNull","missingValueConfig":"ignore","mappingName":"responseMsg","type":"string"}]}}