{"id":"ACTION_MODEL-bce212d4-5f69-4bbc-80b2-0bdb5e1e8ae3","name":"UIT_111_Action_Script_Check_L1_hasReference","key":"uIT_111_Action_Script_Check_L1_hasReference","description":"","tenantId":"default","editorJson":{"ignoreConfirmationMessage":true,"channels":[],"mappedTypes":[],"mappedSubTypes":[],"mappedStates":[],"mappedSubStates":[],"permissionUserIdentityLinkTypes":[],"permissionGroups":[],"botKey":"platform-script-evaluation-bot","config":{"scriptInfo":{"language":"groovy","script":"import org.slf4j.Logger;\nimport org.slf4j.LoggerFactory;\nimport java.unit.*;\nimport com.fasterxml.jackson.databind.*;\nimport com.fasterxml.jackson.databind.node.ObjectNode;\nimport com.fasterxml.jackson.annotation.JsonInclude.Include;\n\n/**\nThis script add hasReference under L1 entity. It check all the child L2 entites array and any of L2 hasReference=true it will make L1 entity hasReference=true.\nBusiness logic: To hide remove button(X) for L1 if any of its child L2 has reference in HEM_MAPPING table\n*/\n\nLogger log = LoggerFactory.getLogger(getClass());\n\nlog.info(\"@@@uIT_111_Action_Script_Check_L1_hasReference START=======================================>>>>>>>>>>>>>>\" );\n\n//get value from payload\ndef entities = flw.getInput(\"entities\");\nlog.info(\"@@@before entities=\" + entities);\n\n//create mapper\nObjectMapper mapper = new ObjectMapper();\nmapper.setSerializationInclusion(Include.NON_NULL);\n\nJsonNode entitiesNode = mapper.valueToTree(entities);\nfor(i=0; i < entitiesNode.size(); i++) {\n    JsonNode L1_entity = entitiesNode[i];\n    JsonNode L2_entities = L1_entity.get(\"L2_Entities\");\n    boolean L1_hasReference = false;\n  \n    for(j=0; j < L2_entities.size(); j++){\n        JsonNode L2_entity = L2_entities[j];\n        boolean L2_hasReference = L2_entity.get(\"hasReference\");\n        if(L2_hasReference){\n          L1_hasReference = true;\n          System.out.println(\"setting L1_hasReference = TRUE\");\n          break;\n        }\n    }\n    L1_entity.put(\"hasReference\", String.valueOf(L1_hasReference));\n}  \n\nlog.info(\"@@@ after entitiesNode=\" + entitiesNode);\n\nflw.setOutput(\"entities\", entitiesNode);\n\nlog.info(\"@@@uIT_111_Action_Script_Check_L1_hasReference END======================================\" );"}}}}