{"id":"DATA_OBJECT_MODEL-2325db5e-b11b-4ce3-b9ed-e8af310c4ea5","name":"UIT_111_DataObj_HEM_Entities","key":"uIT_111_DataObj_HEM_Entities","description":null,"tenantId":"default","editorJson":{"fieldMappings":[{"label":"Entities","name":"entities","type":"JSON","lookupId":false,"description":""},{"label":"L1Names","name":"l1Names","type":"JSON","lookupId":false,"description":""}],"dataObjectType":"serviceRegistryDataObject","sourceId":"flowableServiceRegistryDataSource","definitionIdentityLinks":{"queryInstances":{"groups":["flowableUser"]},"createInstances":{"groups":["flowableUser"]},"deleteInstances":{"groups":["flowableUser"]},"updateInstances":{"groups":["flowableUser"]}},"instanceIdentityLinks":[{"type":"owner","groups":["flowableUser"]},{"type":"watcher","groups":["flowableUser"]}],"referencedServiceDefinitionModelKey":"uIT_111_Service_HEM_Entities"}}