{"id":"PAGE_MODEL-e7be8137-43e0-44b8-a770-0c2f80ad7d16","name":"UIT_111_Page_Hamburger_Entity_Management_Dashboard","key":"uIT_111_Page_Hamburger_Entity_Management_Dashboard","description":"","tenantId":"default","editorJson":{"resourceId":"editor_PAGE_MODEL-e7be8137-43e0-44b8-a770-0c2f80ad7d16","stencil":{"id":"XForm"},"pathProperties":{"outcomes":"outcomes","outcomevariablename":"outcomeVariableName","events":"extraSettings.events","dialog-size":"dialogSize","dialog-size-run":"dialogSize","dialog-title":"dialogTitle","dialog-title_en_us":"i18n.en_us.dialogTitle","dialog-title_it_it":"i18n.it_it.dialogTitle","dialog-title_es_es":"i18n.es_es.dialogTitle","dialog-title_fr_fr":"i18n.fr_fr.dialogTitle","dialog-title_de_de":"i18n.de_de.dialogTitle","dialog-title_i18n-key":"dialogTitle","dialog-description":"dialogDescription","force-validation":"forceValidation","custom-validations":"customValidations","validation-panel-display":"extraSettings.validationPanelDisplay"},"pathMappingProperties":{},"xmlProperties":[],"childShapes":[{"resourceId":"panel1","stencil":{"id":"SlotPanel"},"pathProperties":{"id":"id"},"pathMappingProperties":{},"xmlProperties":[],"childShapes":[{"resourceId":"rest-button1","stencil":{"id":"Button"},"pathProperties":{"label":"label","label_en_us":"i18n.en_us.label","label_it_it":"i18n.it_it.label","label_es_es":"i18n.es_es.label","label_fr_fr":"i18n.fr_fr.label","label_de_de":"i18n.de_de.label","label_i18n-key":"label","button-alignment":"extraSettings.alignment","button-alignment-run":"extraSettings.alignment","button-icon-url":"extraSettings.iconUrl","button-icon-property-name":"extraSettings.iconPropName","button-icon-alignment":"extraSettings.iconAlignment","button-tooltip":"extraSettings.tooltip","button-tooltip_en_us":"i18n.en_us.extraSettings.tooltip","button-tooltip_it_it":"i18n.it_it.extraSettings.tooltip","button-tooltip_es_es":"i18n.es_es.extraSettings.tooltip","button-tooltip_fr_fr":"i18n.fr_fr.extraSettings.tooltip","button-tooltip_de_de":"i18n.de_de.extraSettings.tooltip","button-tooltip_i18n-key":"extraSettings.tooltip","primary":"primary","primary-run":"primary","label-position":"labelAlign","tooltip":"tooltip","tooltip_en_us":"i18n.en_us.tooltip","tooltip_it_it":"i18n.it_it.tooltip","tooltip_es_es":"i18n.es_es.tooltip","tooltip_fr_fr":"i18n.fr_fr.tooltip","tooltip_de_de":"i18n.de_de.tooltip","tooltip_i18n-key":"tooltip","value":"value","default-value":"defaultValue","description":"description","description_en_us":"i18n.en_us.description","description_it_it":"i18n.it_it.description","description_es_es":"i18n.es_es.description","description_fr_fr":"i18n.fr_fr.description","description_de_de":"i18n.de_de.description","description_i18n-key":"description","col-span":"size","ignored":"ignore","ignored-run":"ignore","visible":"visible","visible-run":"visible","enabled":"enabled","enabled-run":"enabled","required":"isRequired","required-run":"isRequired","style-class":"styleClass","custom-validations":"customValidations","validation-panel-display":"extraSettings.validationPanelDisplay","id":"id","modelevents":"modelEvents","rest-button-text":"extraSettings.text","rest-button-text_en_us":"i18n.en_us.extraSettings.text","rest-button-text_it_it":"i18n.it_it.extraSettings.text","rest-button-text_es_es":"i18n.es_es.extraSettings.text","rest-button-text_fr_fr":"i18n.fr_fr.extraSettings.text","rest-button-text_de_de":"i18n.de_de.extraSettings.text","rest-button-text_i18n-key":"extraSettings.text","rest-button-method":"extraSettings.method","rest-button-url":"extraSettings.url","rest-button-path":"extraSettings.path","rest-button-value-expression":"extraSettings.valueExpression","rest-button-request-payload-mapping":"extraSettings.sendPayloadMapping","rest-button-header-property-mapping":"extraSettings.headerPropertyMapping","rest-button-response-payload-mapping":"extraSettings.responsePayloadMapping","rest-button-refresh-time":"extraSettings.refreshTime","rest-button-auto-execute":"extraSettings.autoExecute","rest-button-auto-execute-run":"extraSettings.autoExecute","rest-button-execute-always":"extraSettings.executeAlways","rest-button-show-loading":"extraSettings.showLoading","rest-button-show-loading-run":"extraSettings.showLoading"},"pathMappingProperties":{},"xmlProperties":[],"childShapes":[],"bounds":{"lowerRight":{"x":246,"y":51},"upperLeft":{"x":15,"y":25}},"outputmappingproperties":{"custom-validations":{"type":"formlist","placeholders":[]},"modelevents":{"type":"formlist","placeholders":[]},"rest-button-request-payload-mapping":{"type":"complex","placeholders":[]},"rest-button-header-property-mapping":{"type":"complex","placeholders":[]},"rest-button-response-payload-mapping":{"type":"complex","placeholders":[]}},"properties":{"stencilid":"cloud-rest-button","stencilsuperid":"Button","stencilsuperids":["Button"],"customstencil":false,"bordercolor":"#000000","notes":"","label":"","label_en_us":"","label_it_it":"","label_es_es":"","label_fr_fr":"","label_de_de":"","label_i18n-key":"","button-alignment":"left","button-alignment-run":"","button-icon-url":"","button-icon-property-name":"","button-icon-alignment":"right","button-tooltip":"","button-tooltip_en_us":"","button-tooltip_it_it":"","button-tooltip_es_es":"","button-tooltip_fr_fr":"","button-tooltip_de_de":"","button-tooltip_i18n-key":"","primary":false,"primary-run":"","label-position":"top","tooltip":"","tooltip_en_us":"","tooltip_it_it":"","tooltip_es_es":"","tooltip_fr_fr":"","tooltip_de_de":"","tooltip_i18n-key":"","value":"{{entities}}","default-value":"","description":"","description_en_us":"","description_it_it":"","description_es_es":"","description_fr_fr":"","description_de_de":"","description_i18n-key":"","col-span":"1","ignored":false,"ignored-run":"","visible":false,"visible-run":"","enabled":true,"enabled-run":"","required":false,"required-run":"","style-class":"","documentation":"","custom-validations":"","validation-panel-display":"show","id":"rest-button1","width":"200","height":"","col":1,"col-align":"fill","col-weight":"","row":1,"row-align":"top","row-weight":"","size":3,"description-position":"bottom","description-align":"left","node-type":"","modelevents":{"totalCount":2,"items":[{"eventType":"onValueChange","expression":"{{false}}","resultVariable":"$temp.autoExeStatus"},{"eventType":"onValueChange","expression":"{{true}}","resultVariable":"doCallgetL1Entities"}]},"rest-button-text":"Get Entities","rest-button-text_en_us":"Get Entities","rest-button-text_it_it":"","rest-button-text_es_es":"","rest-button-text_fr_fr":"","rest-button-text_de_de":"","rest-button-text_i18n-key":"","rest-button-method":"get","rest-button-url":"{{endpoints.dataobject}}/dataobject-runtime/data-object-instances?dataObjectDefinitionKey=uIT_111_DataObj_HEM_Entities&dataObjectOperationKey=getAllEntities","rest-button-path":"data[0].entities","rest-button-value-expression":"","rest-button-request-payload-mapping":"","rest-button-header-property-mapping":"","rest-button-response-payload-mapping":"","rest-button-refresh-time":"","rest-button-auto-execute":"{{$payload.$temp.autoExeStatus==true}}","rest-button-auto-execute-run":"{{$payload.$temp.autoExeStatus==true}}","rest-button-execute-always":true,"rest-button-show-loading":true,"rest-button-show-loading-run":"","xmlTag":"restButton"},"ssextensions":[],"outgoing":[],"dockers":[],"labels":[{"styles":{"fill":"#000000","size":"12","italic":false,"bold":false},"ref":"label_text"},{"styles":{"fill":"#000000","size":"12","italic":false,"bold":false},"ref":"input_text"},{"styles":{"fill":"#000000","size":"12","italic":false,"bold":false},"ref":"desc_text"}]},{"resourceId":"rest-button2","stencil":{"id":"Button"},"pathProperties":{"label":"label","label_en_us":"i18n.en_us.label","label_it_it":"i18n.it_it.label","label_es_es":"i18n.es_es.label","label_fr_fr":"i18n.fr_fr.label","label_de_de":"i18n.de_de.label","label_i18n-key":"label","button-alignment":"extraSettings.alignment","button-alignment-run":"extraSettings.alignment","button-icon-url":"extraSettings.iconUrl","button-icon-property-name":"extraSettings.iconPropName","button-icon-alignment":"extraSettings.iconAlignment","button-tooltip":"extraSettings.tooltip","button-tooltip_en_us":"i18n.en_us.extraSettings.tooltip","button-tooltip_it_it":"i18n.it_it.extraSettings.tooltip","button-tooltip_es_es":"i18n.es_es.extraSettings.tooltip","button-tooltip_fr_fr":"i18n.fr_fr.extraSettings.tooltip","button-tooltip_de_de":"i18n.de_de.extraSettings.tooltip","button-tooltip_i18n-key":"extraSettings.tooltip","primary":"primary","primary-run":"primary","label-position":"labelAlign","tooltip":"tooltip","tooltip_en_us":"i18n.en_us.tooltip","tooltip_it_it":"i18n.it_it.tooltip","tooltip_es_es":"i18n.es_es.tooltip","tooltip_fr_fr":"i18n.fr_fr.tooltip","tooltip_de_de":"i18n.de_de.tooltip","tooltip_i18n-key":"tooltip","value":"value","default-value":"defaultValue","description":"description","description_en_us":"i18n.en_us.description","description_it_it":"i18n.it_it.description","description_es_es":"i18n.es_es.description","description_fr_fr":"i18n.fr_fr.description","description_de_de":"i18n.de_de.description","description_i18n-key":"description","col-span":"size","ignored":"ignore","ignored-run":"ignore","visible":"visible","visible-run":"visible","enabled":"enabled","enabled-run":"enabled","required":"isRequired","required-run":"isRequired","style-class":"styleClass","custom-validations":"customValidations","validation-panel-display":"extraSettings.validationPanelDisplay","id":"id","modelevents":"modelEvents","rest-button-text":"extraSettings.text","rest-button-text_en_us":"i18n.en_us.extraSettings.text","rest-button-text_it_it":"i18n.it_it.extraSettings.text","rest-button-text_es_es":"i18n.es_es.extraSettings.text","rest-button-text_fr_fr":"i18n.fr_fr.extraSettings.text","rest-button-text_de_de":"i18n.de_de.extraSettings.text","rest-button-text_i18n-key":"extraSettings.text","rest-button-method":"extraSettings.method","rest-button-url":"extraSettings.url","rest-button-path":"extraSettings.path","rest-button-value-expression":"extraSettings.valueExpression","rest-button-request-payload-mapping":"extraSettings.sendPayloadMapping","rest-button-header-property-mapping":"extraSettings.headerPropertyMapping","rest-button-response-payload-mapping":"extraSettings.responsePayloadMapping","rest-button-refresh-time":"extraSettings.refreshTime","rest-button-auto-execute":"extraSettings.autoExecute","rest-button-auto-execute-run":"extraSettings.autoExecute","rest-button-execute-always":"extraSettings.executeAlways","rest-button-show-loading":"extraSettings.showLoading","rest-button-show-loading-run":"extraSettings.showLoading"},"pathMappingProperties":{},"xmlProperties":[],"childShapes":[],"bounds":{"lowerRight":{"x":656,"y":51},"upperLeft":{"x":343,"y":25}},"outputmappingproperties":{"custom-validations":{"type":"formlist","placeholders":[]},"modelevents":{"type":"formlist","placeholders":[]},"rest-button-request-payload-mapping":{"type":"complex","placeholders":[]},"rest-button-header-property-mapping":{"type":"complex","placeholders":[]},"rest-button-response-payload-mapping":{"type":"complex","placeholders":[]}},"properties":{"stencilid":"cloud-rest-button","stencilsuperid":"Button","stencilsuperids":["Button"],"customstencil":false,"bordercolor":"#000000","notes":"","label":"","label_en_us":"","label_it_it":"","label_es_es":"","label_fr_fr":"","label_de_de":"","label_i18n-key":"","button-alignment":"left","button-alignment-run":"","button-icon-url":"","button-icon-property-name":"","button-icon-alignment":"right","button-tooltip":"","button-tooltip_en_us":"","button-tooltip_it_it":"","button-tooltip_es_es":"","button-tooltip_fr_fr":"","button-tooltip_de_de":"","button-tooltip_i18n-key":"","primary":false,"primary-run":"","label-position":"top","tooltip":"","tooltip_en_us":"","tooltip_it_it":"","tooltip_es_es":"","tooltip_fr_fr":"","tooltip_de_de":"","tooltip_i18n-key":"","value":"{{save}}","default-value":"","description":"","description_en_us":"","description_it_it":"","description_es_es":"","description_fr_fr":"","description_de_de":"","description_i18n-key":"","col-span":"1","ignored":false,"ignored-run":"","visible":true,"visible-run":"","enabled":true,"enabled-run":"","required":false,"required-run":"","style-class":"","documentation":"","custom-validations":"","validation-panel-display":"show","id":"rest-button2","width":"200","height":"","col":5,"col-align":"fill","col-weight":"","row":1,"row-align":"top","row-weight":"","size":4,"description-position":"bottom","description-align":"left","node-type":"","modelevents":"","rest-button-text":"Save","rest-button-text_en_us":"Save","rest-button-text_it_it":"","rest-button-text_es_es":"","rest-button-text_fr_fr":"","rest-button-text_de_de":"","rest-button-text_i18n-key":"","rest-button-method":"post","rest-button-url":"{{endpoints.dataobject}}/dataobject-runtime/data-object-instances?dataObjectDefinitionKey=uIT_111_DataObj_HEM_Entities&dataObjectOperationKey=saveEntities","rest-button-path":"responseMsg","rest-button-value-expression":"","rest-button-request-payload-mapping":{"totalCount":1,"items":[{"name":"entities","expression":"{{entities}}"}]},"rest-button-header-property-mapping":"","rest-button-response-payload-mapping":"","rest-button-refresh-time":"","rest-button-auto-execute":false,"rest-button-auto-execute-run":"","rest-button-execute-always":false,"rest-button-show-loading":true,"rest-button-show-loading-run":"","xmlTag":"restButton"},"ssextensions":[],"outgoing":[],"dockers":[],"labels":[{"styles":{"fill":"#000000","size":"12","italic":false,"bold":false},"ref":"label_text"},{"styles":{"fill":"#000000","size":"12","italic":false,"bold":false},"ref":"input_text"},{"styles":{"fill":"#000000","size":"12","italic":false,"bold":false},"ref":"desc_text"}]},{"resourceId":"sub-panel1","stencil":{"id":"SubSlotPanel"},"pathProperties":{"label":"label","label_en_us":"i18n.en_us.label","label_it_it":"i18n.it_it.label","label_es_es":"i18n.es_es.label","label_fr_fr":"i18n.fr_fr.label","label_de_de":"i18n.de_de.label","label_i18n-key":"label","label-position":"labelAlign","tooltip":"tooltip","tooltip_en_us":"i18n.en_us.tooltip","tooltip_it_it":"i18n.it_it.tooltip","tooltip_es_es":"i18n.es_es.tooltip","tooltip_fr_fr":"i18n.fr_fr.tooltip","tooltip_de_de":"i18n.de_de.tooltip","tooltip_i18n-key":"tooltip","value":"value","default-value":"defaultValue","description":"description","description_en_us":"i18n.en_us.description","description_it_it":"i18n.it_it.description","description_es_es":"i18n.es_es.description","description_fr_fr":"i18n.fr_fr.description","description_de_de":"i18n.de_de.description","description_i18n-key":"description","col-span":"size","ignored":"ignore","ignored-run":"ignore","visible":"visible","visible-run":"visible","enabled":"enabled","enabled-run":"enabled","required":"isRequired","required-run":"isRequired","style-class":"styleClass","custom-validations":"customValidations","validation-panel-display":"extraSettings.validationPanelDisplay","id":"id","modelevents":"modelEvents","modal-button-text":"extraSettings.modalButtonText","modal-button-text_en_us":"i18n.en_us.extraSettings.modalButtonText","modal-button-text_it_it":"i18n.it_it.extraSettings.modalButtonText","modal-button-text_es_es":"i18n.es_es.extraSettings.modalButtonText","modal-button-text_fr_fr":"i18n.fr_fr.extraSettings.modalButtonText","modal-button-text_de_de":"i18n.de_de.extraSettings.modalButtonText","modal-button-text_i18n-key":"extraSettings.modalButtonText","modal-open":"extraSettings.modalOpen","collapsible":"extraSettings.collapsible","collapsed":"extraSettings.collapsed","collapsed-run":"extraSettings.collapsed","show-border":"extraSettings.showBorder","modal-width":"extraSettings.width","save-button-text":"extraSettings.saveButtonText","save-button-text_en_us":"i18n.en_us.extraSettings.saveButtonText","save-button-text_it_it":"i18n.it_it.extraSettings.saveButtonText","save-button-text_es_es":"i18n.es_es.extraSettings.saveButtonText","save-button-text_fr_fr":"i18n.fr_fr.extraSettings.saveButtonText","save-button-text_de_de":"i18n.de_de.extraSettings.saveButtonText","save-button-text_i18n-key":"extraSettings.saveButtonText","save-button-visible":"extraSettings.saveButtonVisible","save-button-visible-run":"extraSettings.saveButtonVisible","save-button-enabled":"extraSettings.saveButtonEnabled","save-button-enabled-run":"extraSettings.saveButtonEnabled","cancel-button-text":"extraSettings.cancelButtonText","cancel-button-text_en_us":"i18n.en_us.extraSettings.cancelButtonText","cancel-button-text_it_it":"i18n.it_it.extraSettings.cancelButtonText","cancel-button-text_es_es":"i18n.es_es.extraSettings.cancelButtonText","cancel-button-text_fr_fr":"i18n.fr_fr.extraSettings.cancelButtonText","cancel-button-text_de_de":"i18n.de_de.extraSettings.cancelButtonText","cancel-button-text_i18n-key":"extraSettings.cancelButtonText","cancel-button-visible":"extraSettings.cancelButtonVisible","cancel-button-visible-run":"extraSettings.cancelButtonVisible","cancel-button-enabled":"extraSettings.cancelButtonEnabled","cancel-button-enabled-run":"extraSettings.cancelButtonEnabled"},"pathMappingProperties":{},"xmlProperties":["value"],"childShapes":[{"resourceId":"sub-form1","stencil":{"id":"SubForm"},"pathProperties":{"label-position":"labelAlign","tooltip":"tooltip","tooltip_en_us":"i18n.en_us.tooltip","tooltip_it_it":"i18n.it_it.tooltip","tooltip_es_es":"i18n.es_es.tooltip","tooltip_fr_fr":"i18n.fr_fr.tooltip","tooltip_de_de":"i18n.de_de.tooltip","tooltip_i18n-key":"tooltip","value":"value","default-value":"defaultValue","description":"description","description_en_us":"i18n.en_us.description","description_it_it":"i18n.it_it.description","description_es_es":"i18n.es_es.description","description_fr_fr":"i18n.fr_fr.description","description_de_de":"i18n.de_de.description","description_i18n-key":"description","col-span":"size","ignored":"ignore","ignored-run":"ignore","visible":"visible","visible-run":"visible","enabled":"enabled","enabled-run":"enabled","required":"isRequired","required-run":"isRequired","style-class":"styleClass","custom-validations":"customValidations","validation-panel-display":"extraSettings.validationPanelDisplay","label":"label","label_en_us":"i18n.en_us.label","label_it_it":"i18n.it_it.label","label_es_es":"i18n.es_es.label","label_fr_fr":"i18n.fr_fr.label","label_de_de":"i18n.de_de.label","label_i18n-key":"label","show-border":"extraSettings.showBorder","min-children":"extraSettings.minItems","min-children-run":"extraSettings.minItems","min-children-error-msg":"extraSettings.minItemsErrorMessage","min-children-error-msg_en_us":"i18n.en_us.extraSettings.minItemsErrorMessage","min-children-error-msg_it_it":"i18n.it_it.extraSettings.minItemsErrorMessage","min-children-error-msg_es_es":"i18n.es_es.extraSettings.minItemsErrorMessage","min-children-error-msg_fr_fr":"i18n.fr_fr.extraSettings.minItemsErrorMessage","min-children-error-msg_de_de":"i18n.de_de.extraSettings.minItemsErrorMessage","min-children-error-msg_i18n-key":"extraSettings.minItemsErrorMessage","max-children":"extraSettings.maxItems","max-children-run":"extraSettings.maxItems","max-children-error-msg":"extraSettings.maxItemsErrorMessage","max-children-error-msg_en_us":"i18n.en_us.extraSettings.maxItemsErrorMessage","max-children-error-msg_it_it":"i18n.it_it.extraSettings.maxItemsErrorMessage","max-children-error-msg_es_es":"i18n.es_es.extraSettings.maxItemsErrorMessage","max-children-error-msg_fr_fr":"i18n.fr_fr.extraSettings.maxItemsErrorMessage","max-children-error-msg_de_de":"i18n.de_de.extraSettings.maxItemsErrorMessage","max-children-error-msg_i18n-key":"extraSettings.maxItemsErrorMessage","collapsible":"extraSettings.collapsible","collapsed":"extraSettings.collapsed","collapsed-run":"extraSettings.collapsed","id":"id","modelevents":"modelEvents","form-ref":"extraSettings.formRef","form-ref-run":"extraSettings.formRef","multiple-entries":"extraSettings.multipleEntries","show-add-button":"extraSettings.showAddButton","show-add-button-run":"extraSettings.showAddButton","show-remove-button":"extraSettings.showDeleteButton","show-remove-button-run":"extraSettings.showDeleteButton","add-button-text":"extraSettings.addButtonText","add-button-text_en_us":"i18n.en_us.extraSettings.addButtonText","add-button-text_it_it":"i18n.it_it.extraSettings.addButtonText","add-button-text_es_es":"i18n.es_es.extraSettings.addButtonText","add-button-text_fr_fr":"i18n.fr_fr.extraSettings.addButtonText","add-button-text_de_de":"i18n.de_de.extraSettings.addButtonText","add-button-text_i18n-key":"extraSettings.addButtonText","show-no-items-message":"extraSettings.showNoItemsMessage","no-items-message":"extraSettings.noItemsMessage","no-items-message_en_us":"i18n.en_us.extraSettings.noItemsMessage","no-items-message_it_it":"i18n.it_it.extraSettings.noItemsMessage","no-items-message_es_es":"i18n.es_es.extraSettings.noItemsMessage","no-items-message_fr_fr":"i18n.fr_fr.extraSettings.noItemsMessage","no-items-message_de_de":"i18n.de_de.extraSettings.noItemsMessage","no-items-message_i18n-key":"extraSettings.noItemsMessage"},"pathMappingProperties":{},"xmlProperties":["value","show-border","form-ref","form-ref-run","multiple-entries","show-add-button","show-add-button-run","show-remove-button","show-remove-button-run"],"childShapes":[],"bounds":{"lowerRight":{"x":955.8000000000001,"y":117},"upperLeft":{"x":15,"y":49}},"specialproperties":{"form-ref":{"type":"treeview"}},"outputmappingproperties":{"custom-validations":{"type":"formlist","placeholders":[]},"modelevents":{"type":"formlist","placeholders":[]}},"properties":{"stencilid":"cloud-sub-form","stencilsuperid":"SubForm","stencilsuperids":["SubForm"],"customstencil":false,"bordercolor":"#777777","notes":"","label-position":"top","tooltip":"","tooltip_en_us":"","tooltip_it_it":"","tooltip_es_es":"","tooltip_fr_fr":"","tooltip_de_de":"","tooltip_i18n-key":"","value":"{{entities}}","default-value":"","description":"","description_en_us":"","description_it_it":"","description_es_es":"","description_fr_fr":"","description_de_de":"","description_i18n-key":"","col-span":"1","ignored":"","ignored-run":"","visible":true,"visible-run":"","enabled":true,"enabled-run":"","required":false,"style-class":"","documentation":"","custom-validations":"","validation-panel-display":"show","label":"","label_en_us":"","label_it_it":"","label_es_es":"","label_fr_fr":"","label_de_de":"","label_i18n-key":"","show-border":false,"min-children":"","min-children-run":"","min-children-error-msg":"","min-children-error-msg_en_us":"","min-children-error-msg_it_it":"","min-children-error-msg_es_es":"","min-children-error-msg_fr_fr":"","min-children-error-msg_de_de":"","min-children-error-msg_i18n-key":"","max-children":"","max-children-run":"","max-children-error-msg":"","max-children-error-msg_en_us":"","max-children-error-msg_it_it":"","max-children-error-msg_es_es":"","max-children-error-msg_fr_fr":"","max-children-error-msg_de_de":"","max-children-error-msg_i18n-key":"","collapsible":false,"collapsed":false,"collapsed-run":"","id":"sub-form1","width":"200","height":"","col":1,"col-align":"fill","col-weight":"","row":1,"row-align":"top","row-weight":"","size":12,"description-position":"bottom","description-align":"left","node-type":"","modelevents":{"totalCount":1,"items":[{"eventType":"onValueChange","expression":"{{true}}","resultVariable":"restEnable"}]},"discriminator":"","form-ref":{"id":"FORM_MODEL-b34a899b-ae21-4400-b3ac-3013a974df36","key":"uIT_111_Form_Hem_Manage_L1_Entities"},"form-ref-run":"","multiple-entries":true,"required-run":"","show-add-button":true,"show-add-button-run":"","show-remove-button":"{{!$item.hasReference}}","show-remove-button-run":"{{!$item.hasReference}}","add-button-text":"ADD L1","add-button-text_en_us":"ADD L1","add-button-text_it_it":"","add-button-text_es_es":"","add-button-text_fr_fr":"","add-button-text_de_de":"","add-button-text_i18n-key":"","show-no-items-message":true,"no-items-message":"","no-items-message_en_us":"","no-items-message_it_it":"","no-items-message_es_es":"","no-items-message_fr_fr":"","no-items-message_de_de":"","no-items-message_i18n-key":"","xmlTag":"subform"},"ssextensions":[],"outgoing":[],"dockers":[],"labels":[{"styles":{"fill":"#000000","size":"12","italic":false,"bold":false},"ref":"input_text"},{"styles":{"fill":"#000000","size":"12","italic":false,"bold":false},"ref":"label_text"},{"styles":{"fill":"#000000","size":"12","italic":false,"bold":false},"ref":"input_u_text"}]}],"bounds":{"lowerRight":{"x":985.8000000000001,"y":265},"upperLeft":{"x":15,"y":123}},"outputmappingproperties":{"custom-validations":{"type":"formlist","placeholders":[]},"modelevents":{"type":"formlist","placeholders":[]}},"properties":{"stencilid":"cloud-sub-panel","stencilsuperid":"SubSlotPanel","stencilsuperids":["SubSlotPanel"],"customstencil":false,"label":"HEM DASHBOARD","label_en_us":"HEM DASHBOARD","label_it_it":"","label_es_es":"","label_fr_fr":"","label_de_de":"","label_i18n-key":"","notes":"","label-position":"top","tooltip":"","tooltip_en_us":"","tooltip_it_it":"","tooltip_es_es":"","tooltip_fr_fr":"","tooltip_de_de":"","tooltip_i18n-key":"","value":"","default-value":"","description":"","description_en_us":"","description_it_it":"","description_es_es":"","description_fr_fr":"","description_de_de":"","description_i18n-key":"","col-span":"1","ignored":false,"ignored-run":"","visible":true,"visible-run":"","enabled":true,"enabled-run":"","required":false,"required-run":"","style-class":"","documentation":"","custom-validations":"","validation-panel-display":"show","id":"sub-panel1","width":41.650000000000006,"height":"","col":1,"col-align":"fill","col-weight":"","row":3,"row-align":"top","row-weight":"","size":12,"description-position":"bottom","description-align":"left","node-type":"","modelevents":{"totalCount":1,"items":[{"eventType":"onValueChange","expression":"{{true}}","resultVariable":"panelChange"}]},"options":"","modal-button-text":"","modal-button-text_en_us":"","modal-button-text_it_it":"","modal-button-text_es_es":"","modal-button-text_fr_fr":"","modal-button-text_de_de":"","modal-button-text_i18n-key":"","modal-open":"","collapsible":false,"collapsed":false,"collapsed-run":"","show-border":false,"modal-width":"","save-button-text":"","save-button-text_en_us":"","save-button-text_it_it":"","save-button-text_es_es":"","save-button-text_fr_fr":"","save-button-text_de_de":"","save-button-text_i18n-key":"","save-button-visible":true,"save-button-visible-run":"","save-button-enabled":true,"save-button-enabled-run":"","cancel-button-text":"","cancel-button-text_en_us":"","cancel-button-text_it_it":"","cancel-button-text_es_es":"","cancel-button-text_fr_fr":"","cancel-button-text_de_de":"","cancel-button-text_i18n-key":"","cancel-button-visible":"","cancel-button-visible-run":"","cancel-button-enabled":false,"cancel-button-enabled-run":"","xmlTag":"panel"},"ssextensions":[],"outgoing":[],"dockers":[],"labels":[{"styles":{"fill":"#000000","size":"12","italic":false,"bold":false},"ref":"label_text"}]},{"resourceId":"work-action1","stencil":{"id":"Button"},"pathProperties":{"button-text":"extraSettings.text","button-text_en_us":"i18n.en_us.extraSettings.text","button-text_it_it":"i18n.it_it.extraSettings.text","button-text_es_es":"i18n.es_es.extraSettings.text","button-text_fr_fr":"i18n.fr_fr.extraSettings.text","button-text_de_de":"i18n.de_de.extraSettings.text","button-text_i18n-key":"extraSettings.text","button-script":"extraSettings.script","button-script-timer":"extraSettings.timer","rest-button-auto-execute":"extraSettings.autoExecute","rest-button-auto-execute-run":"extraSettings.autoExecute","rest-button-execute-always":"extraSettings.executeAlways","label":"label","label_en_us":"i18n.en_us.label","label_it_it":"i18n.it_it.label","label_es_es":"i18n.es_es.label","label_fr_fr":"i18n.fr_fr.label","label_de_de":"i18n.de_de.label","label_i18n-key":"label","button-alignment":"extraSettings.alignment","button-alignment-run":"extraSettings.alignment","button-icon-url":"extraSettings.iconUrl","button-icon-property-name":"extraSettings.iconPropName","button-icon-alignment":"extraSettings.iconAlignment","button-tooltip":"extraSettings.tooltip","button-tooltip_en_us":"i18n.en_us.extraSettings.tooltip","button-tooltip_it_it":"i18n.it_it.extraSettings.tooltip","button-tooltip_es_es":"i18n.es_es.extraSettings.tooltip","button-tooltip_fr_fr":"i18n.fr_fr.extraSettings.tooltip","button-tooltip_de_de":"i18n.de_de.extraSettings.tooltip","button-tooltip_i18n-key":"extraSettings.tooltip","primary":"primary","primary-run":"primary","label-position":"labelAlign","tooltip":"tooltip","tooltip_en_us":"i18n.en_us.tooltip","tooltip_it_it":"i18n.it_it.tooltip","tooltip_es_es":"i18n.es_es.tooltip","tooltip_fr_fr":"i18n.fr_fr.tooltip","tooltip_de_de":"i18n.de_de.tooltip","tooltip_i18n-key":"tooltip","value":"value","default-value":"defaultValue","description":"description","description_en_us":"i18n.en_us.description","description_it_it":"i18n.it_it.description","description_es_es":"i18n.es_es.description","description_fr_fr":"i18n.fr_fr.description","description_de_de":"i18n.de_de.description","description_i18n-key":"description","col-span":"size","ignored":"ignore","ignored-run":"ignore","visible":"visible","visible-run":"visible","enabled":"enabled","enabled-run":"enabled","required":"isRequired","required-run":"isRequired","style-class":"styleClass","custom-validations":"customValidations","validation-panel-display":"extraSettings.validationPanelDisplay","id":"id","modelevents":"modelEvents","actiondefinitionkey":"extraSettings.actionDefinitionKey","scopedefinitionid":"extraSettings.scopeDefinitionId","scopedefinitionid-run":"extraSettings.scopeDefinitionId","scopeid":"extraSettings.scopeId","scopeid-run":"extraSettings.scopeId","scopetype":"extraSettings.scopeType","scopetype-run":"extraSettings.scopeType","send-full-payload":"extraSettings.sendFullPayload","send-full-scope":"extraSettings.sendFullScope","sendpayloadmapping":"extraSettings.sendPayloadMapping","map-full-response":"extraSettings.mapFullResponse","map-response-inside-scope":"extraSettings.mapResponseInsideScope","responsepayloadmapping":"extraSettings.responsePayloadMapping","send-scope-id-to-get-definition":"extraSettings.sendScopeIdToGetDefinition","navigationurl":"extraSettings.navigationUrl","navigationurl-run":"extraSettings.navigationUrl","target":"extraSettings.target","target-run":"extraSettings.target","permission-groups":"extraSettings.permissionGroups"},"pathMappingProperties":{},"xmlProperties":[],"childShapes":[],"bounds":{"lowerRight":{"x":246,"y":100},"upperLeft":{"x":15,"y":74}},"specialproperties":{"actiondefinitionkey":{"type":"treeview"}},"outputmappingproperties":{"custom-validations":{"type":"formlist","placeholders":[]},"modelevents":{"type":"formlist","placeholders":[]},"sendpayloadmapping":{"type":"complex","placeholders":[]},"responsepayloadmapping":{"type":"complex","placeholders":[]}},"properties":{"stencilid":"work-action","stencilsuperid":"Button","stencilsuperids":["Component"],"customstencil":false,"required":"","notes":"","button-text":"action script to add L1_hasReference flag","button-text_en_us":"action script to add L1_hasReference flag","button-text_it_it":"","button-text_es_es":"","button-text_fr_fr":"","button-text_de_de":"","button-text_i18n-key":"","value":".","description":"","visible":false,"ignored":false,"style-class":"","default-value":"","button-script":"{{example + 1}}","button-script-timer":"","rest-button-auto-execute":"{{callScript}}","rest-button-auto-execute-run":"{{callScript}}","rest-button-execute-always":false,"bordercolor":"#000000","label":"","label_en_us":"","label_it_it":"","label_es_es":"","label_fr_fr":"","label_de_de":"","label_i18n-key":"","button-alignment":"left","button-alignment-run":"","button-icon-url":"","button-icon-property-name":"","button-icon-alignment":"right","button-tooltip":"","button-tooltip_en_us":"","button-tooltip_it_it":"","button-tooltip_es_es":"","button-tooltip_fr_fr":"","button-tooltip_de_de":"","button-tooltip_i18n-key":"","primary":false,"primary-run":"","label-position":"top","tooltip":"","tooltip_en_us":"","tooltip_it_it":"","tooltip_es_es":"","tooltip_fr_fr":"","tooltip_de_de":"","tooltip_i18n-key":"","description_en_us":"","description_it_it":"","description_es_es":"","description_fr_fr":"","description_de_de":"","description_i18n-key":"","col-span":"1","ignored-run":"","visible-run":"","enabled":true,"enabled-run":"","documentation":"","custom-validations":"","validation-panel-display":"show","id":"work-action1","width":"200","height":"","col":1,"col-align":"fill","col-weight":"","row":2,"row-align":"top","row-weight":"","size":3,"description-position":"bottom","description-align":"left","node-type":"","modelevents":"","button-alignement":"","button-icon-alignement":"","actiondefinitionkey":{"id":"ACTION_MODEL-bce212d4-5f69-4bbc-80b2-0bdb5e1e8ae3","key":"uIT_111_Action_Script_Check_L1_hasReference"},"scopedefinitionid":"","scopedefinitionid-run":"","scopeid":"","scopeid-run":"","scopetype":"","scopetype-run":"","send-full-payload":false,"send-full-scope":false,"sendpayloadmapping":{"totalCount":1,"items":[{"name":"entities","expression":"{{entities}}"}]},"map-full-response":false,"map-response-inside-scope":false,"responsepayloadmapping":{"totalCount":1,"items":[{"name":"entities","expression":"{{$response.executionPayload.entities}}"}]},"send-scope-id-to-get-definition":true,"navigationurl":"","navigationurl-run":"","target":"","target-run":"","permission-groups":"","xmlTag":"workAction"},"ssextensions":[],"outgoing":[],"dockers":[],"labels":[{"styles":{"fill":"#000000","size":"12","italic":false,"bold":false},"ref":"label_text"},{"styles":{"fill":"#000000","size":"12","italic":false,"bold":false},"ref":"input_text"},{"styles":{"fill":"#000000","size":"12","italic":false,"bold":false},"ref":"desc_text"}]}],"bounds":{"lowerRight":{"x":1049,"y":340},"upperLeft":{"x":50,"y":50}},"oldResourceId":"sid-8D9FC954-EB33-4C05-ADF0-5706EF50E974","properties":{"stencilid":"SlotPanel","stencilsuperid":"SlotPanel","stencilsuperids":["SlotPanel"],"customstencil":false,"id":"panel1","notes":"","width":67},"ssextensions":[],"outgoing":[],"dockers":[]}],"bounds":{"lowerRight":{"x":1485,"y":1050},"upperLeft":{"x":0,"y":0}},"outputmappingproperties":{"outcomes":{"type":"formlist","placeholders":[]},"events":{"type":"formlist","placeholders":[]},"custom-validations":{"type":"formlist","placeholders":[]}},"properties":{"stencilid":"XForm","stencilsuperid":"XForm","stencilsuperids":["XForm"],"customstencil":false,"id":"uIT_111_Page_Hamburger_Entity_Management_Dashboard","notes":"","name":"UIT_111_Page_Hamburger_Entity_Management_Dashboard","guid":"PAGE_MODEL-e7be8137-43e0-44b8-a770-0c2f80ad7d16","creationdate":"2023-04-26T16:01:02.769Z","modificationdate":"2023-05-16T14:30:34.701Z","outcomes":"","outcomevariablename":"","events":{"totalCount":1,"items":[{"id":"","eventType":"afterFormLoad","expression":"{{true}}","resultVariable":"$temp.autoExeStatus"}]},"dialog-size":"","dialog-size-run":"","dialog-title":"","dialog-title_en_us":"","dialog-title_it_it":"","dialog-title_es_es":"","dialog-title_fr_fr":"","dialog-title_de_de":"","dialog-title_i18n-key":"","dialog-description":"","force-validation":"","custom-validations":"","validation-panel-display":"show","description":""},"ssextensions":[],"stencilset":{"url":"./app/editor_stencilset","paletteKey":"flowable-page-palette","namespace":"http://b3mn.org/stencilset/pages2.0#"}}}