{"id":"DATA_OBJECT_MODEL-9619e522-cf91-4950-800d-5693adf8552e","name":"UIT_111_DataObj_VerifyServiceName","key":"uIT_111_DataObj_VerifyServiceName","description":null,"tenantId":"default","editorJson":{"fieldMappings":[{"label":"ifExist","name":"ifExist","type":"BOOLEAN","lookupId":false,"description":""}],"dataObjectType":"serviceRegistryDataObject","sourceId":"flowableServiceRegistryDataSource","definitionIdentityLinks":{"queryInstances":{"groups":["flowableUser"]},"createInstances":{"groups":["flowableUser"]},"deleteInstances":{"groups":["flowableUser"]},"updateInstances":{"groups":["flowableUser"]}},"instanceIdentityLinks":[{"type":"owner","groups":["flowableUser"]},{"type":"watcher","groups":["flowableUser"]}],"referencedServiceDefinitionModelKey":"uIT_111_Service_VerifyServiceName"}}