{"id":"FORM_MODEL-b34a899b-ae21-4400-b3ac-3013a974df36","name":"UIT_111_Form_Hem_Dashboard","key":"uIT_111_Form_Hem_Dashboard","description":"","tenantId":"default","editorJson":{"resourceId":"editor_FORM_MODEL-b34a899b-ae21-4400-b3ac-3013a974df36","stencil":{"id":"XForm"},"pathProperties":{"outcomes":"outcomes","outcomevariablename":"outcomeVariableName","events":"extraSettings.events","dialog-size":"dialogSize","dialog-size-run":"dialogSize","dialog-title":"dialogTitle","dialog-title_en_us":"i18n.en_us.dialogTitle","dialog-title_it_it":"i18n.it_it.dialogTitle","dialog-title_es_es":"i18n.es_es.dialogTitle","dialog-title_fr_fr":"i18n.fr_fr.dialogTitle","dialog-title_de_de":"i18n.de_de.dialogTitle","dialog-title_i18n-key":"dialogTitle","dialog-description":"dialogDescription","force-validation":"forceValidation","custom-validations":"customValidations","validation-panel-display":"extraSettings.validationPanelDisplay"},"pathMappingProperties":{},"xmlProperties":[],"childShapes":[{"resourceId":"panel1","stencil":{"id":"SlotPanel"},"pathProperties":{"id":"id"},"pathMappingProperties":{},"xmlProperties":[],"childShapes":[{"resourceId":"sub-panel1","stencil":{"id":"SubSlotPanel"},"pathProperties":{"label":"label","label_en_us":"i18n.en_us.label","label_it_it":"i18n.it_it.label","label_es_es":"i18n.es_es.label","label_fr_fr":"i18n.fr_fr.label","label_de_de":"i18n.de_de.label","label_i18n-key":"label","label-position":"labelAlign","tooltip":"tooltip","tooltip_en_us":"i18n.en_us.tooltip","tooltip_it_it":"i18n.it_it.tooltip","tooltip_es_es":"i18n.es_es.tooltip","tooltip_fr_fr":"i18n.fr_fr.tooltip","tooltip_de_de":"i18n.de_de.tooltip","tooltip_i18n-key":"tooltip","value":"value","default-value":"defaultValue","description":"description","description_en_us":"i18n.en_us.description","description_it_it":"i18n.it_it.description","description_es_es":"i18n.es_es.description","description_fr_fr":"i18n.fr_fr.description","description_de_de":"i18n.de_de.description","description_i18n-key":"description","col-span":"size","ignored":"ignore","ignored-run":"ignore","visible":"visible","visible-run":"visible","enabled":"enabled","enabled-run":"enabled","required":"isRequired","required-run":"isRequired","style-class":"styleClass","custom-validations":"customValidations","validation-panel-display":"extraSettings.validationPanelDisplay","id":"id","modelevents":"modelEvents","modal-button-text":"extraSettings.modalButtonText","modal-button-text_en_us":"i18n.en_us.extraSettings.modalButtonText","modal-button-text_it_it":"i18n.it_it.extraSettings.modalButtonText","modal-button-text_es_es":"i18n.es_es.extraSettings.modalButtonText","modal-button-text_fr_fr":"i18n.fr_fr.extraSettings.modalButtonText","modal-button-text_de_de":"i18n.de_de.extraSettings.modalButtonText","modal-button-text_i18n-key":"extraSettings.modalButtonText","modal-open":"extraSettings.modalOpen","collapsible":"extraSettings.collapsible","collapsed":"extraSettings.collapsed","collapsed-run":"extraSettings.collapsed","show-border":"extraSettings.showBorder","modal-width":"extraSettings.width","save-button-text":"extraSettings.saveButtonText","save-button-text_en_us":"i18n.en_us.extraSettings.saveButtonText","save-button-text_it_it":"i18n.it_it.extraSettings.saveButtonText","save-button-text_es_es":"i18n.es_es.extraSettings.saveButtonText","save-button-text_fr_fr":"i18n.fr_fr.extraSettings.saveButtonText","save-button-text_de_de":"i18n.de_de.extraSettings.saveButtonText","save-button-text_i18n-key":"extraSettings.saveButtonText","save-button-visible":"extraSettings.saveButtonVisible","save-button-visible-run":"extraSettings.saveButtonVisible","save-button-enabled":"extraSettings.saveButtonEnabled","save-button-enabled-run":"extraSettings.saveButtonEnabled","cancel-button-text":"extraSettings.cancelButtonText","cancel-button-text_en_us":"i18n.en_us.extraSettings.cancelButtonText","cancel-button-text_it_it":"i18n.it_it.extraSettings.cancelButtonText","cancel-button-text_es_es":"i18n.es_es.extraSettings.cancelButtonText","cancel-button-text_fr_fr":"i18n.fr_fr.extraSettings.cancelButtonText","cancel-button-text_de_de":"i18n.de_de.extraSettings.cancelButtonText","cancel-button-text_i18n-key":"extraSettings.cancelButtonText","cancel-button-visible":"extraSettings.cancelButtonVisible","cancel-button-visible-run":"extraSettings.cancelButtonVisible","cancel-button-enabled":"extraSettings.cancelButtonEnabled","cancel-button-enabled-run":"extraSettings.cancelButtonEnabled"},"pathMappingProperties":{},"xmlProperties":["value"],"childShapes":[{"resourceId":"sub-form1","stencil":{"id":"SubForm"},"pathProperties":{"label-position":"labelAlign","tooltip":"tooltip","tooltip_en_us":"i18n.en_us.tooltip","tooltip_it_it":"i18n.it_it.tooltip","tooltip_es_es":"i18n.es_es.tooltip","tooltip_fr_fr":"i18n.fr_fr.tooltip","tooltip_de_de":"i18n.de_de.tooltip","tooltip_i18n-key":"tooltip","value":"value","default-value":"defaultValue","description":"description","description_en_us":"i18n.en_us.description","description_it_it":"i18n.it_it.description","description_es_es":"i18n.es_es.description","description_fr_fr":"i18n.fr_fr.description","description_de_de":"i18n.de_de.description","description_i18n-key":"description","col-span":"size","ignored":"ignore","ignored-run":"ignore","visible":"visible","visible-run":"visible","enabled":"enabled","enabled-run":"enabled","required":"isRequired","required-run":"isRequired","style-class":"styleClass","custom-validations":"customValidations","validation-panel-display":"extraSettings.validationPanelDisplay","label":"label","label_en_us":"i18n.en_us.label","label_it_it":"i18n.it_it.label","label_es_es":"i18n.es_es.label","label_fr_fr":"i18n.fr_fr.label","label_de_de":"i18n.de_de.label","label_i18n-key":"label","show-border":"extraSettings.showBorder","min-children":"extraSettings.minItems","min-children-run":"extraSettings.minItems","min-children-error-msg":"extraSettings.minItemsErrorMessage","min-children-error-msg_en_us":"i18n.en_us.extraSettings.minItemsErrorMessage","min-children-error-msg_it_it":"i18n.it_it.extraSettings.minItemsErrorMessage","min-children-error-msg_es_es":"i18n.es_es.extraSettings.minItemsErrorMessage","min-children-error-msg_fr_fr":"i18n.fr_fr.extraSettings.minItemsErrorMessage","min-children-error-msg_de_de":"i18n.de_de.extraSettings.minItemsErrorMessage","min-children-error-msg_i18n-key":"extraSettings.minItemsErrorMessage","max-children":"extraSettings.maxItems","max-children-run":"extraSettings.maxItems","max-children-error-msg":"extraSettings.maxItemsErrorMessage","max-children-error-msg_en_us":"i18n.en_us.extraSettings.maxItemsErrorMessage","max-children-error-msg_it_it":"i18n.it_it.extraSettings.maxItemsErrorMessage","max-children-error-msg_es_es":"i18n.es_es.extraSettings.maxItemsErrorMessage","max-children-error-msg_fr_fr":"i18n.fr_fr.extraSettings.maxItemsErrorMessage","max-children-error-msg_de_de":"i18n.de_de.extraSettings.maxItemsErrorMessage","max-children-error-msg_i18n-key":"extraSettings.maxItemsErrorMessage","collapsible":"extraSettings.collapsible","collapsed":"extraSettings.collapsed","collapsed-run":"extraSettings.collapsed","id":"id","modelevents":"modelEvents","form-ref":"extraSettings.formRef","form-ref-run":"extraSettings.formRef","multiple-entries":"extraSettings.multipleEntries","show-add-button":"extraSettings.showAddButton","show-add-button-run":"extraSettings.showAddButton","show-remove-button":"extraSettings.showDeleteButton","show-remove-button-run":"extraSettings.showDeleteButton","add-button-text":"extraSettings.addButtonText","add-button-text_en_us":"i18n.en_us.extraSettings.addButtonText","add-button-text_it_it":"i18n.it_it.extraSettings.addButtonText","add-button-text_es_es":"i18n.es_es.extraSettings.addButtonText","add-button-text_fr_fr":"i18n.fr_fr.extraSettings.addButtonText","add-button-text_de_de":"i18n.de_de.extraSettings.addButtonText","add-button-text_i18n-key":"extraSettings.addButtonText","show-no-items-message":"extraSettings.showNoItemsMessage","no-items-message":"extraSettings.noItemsMessage","no-items-message_en_us":"i18n.en_us.extraSettings.noItemsMessage","no-items-message_it_it":"i18n.it_it.extraSettings.noItemsMessage","no-items-message_es_es":"i18n.es_es.extraSettings.noItemsMessage","no-items-message_fr_fr":"i18n.fr_fr.extraSettings.noItemsMessage","no-items-message_de_de":"i18n.de_de.extraSettings.noItemsMessage","no-items-message_i18n-key":"extraSettings.noItemsMessage"},"pathMappingProperties":{},"xmlProperties":["value","show-border","form-ref","form-ref-run","multiple-entries","show-add-button","show-add-button-run","show-remove-button","show-remove-button-run"],"childShapes":[],"bounds":{"lowerRight":{"x":955.8000000000001,"y":214},"upperLeft":{"x":15,"y":146}},"specialproperties":{"form-ref":{"type":"treeview"}},"outputmappingproperties":{"custom-validations":{"type":"formlist","placeholders":[]},"modelevents":{"type":"formlist","placeholders":[]}},"properties":{"stencilid":"cloud-sub-form","stencilsuperid":"SubForm","stencilsuperids":["SubForm"],"customstencil":false,"bordercolor":"#777777","notes":"","label-position":"top","tooltip":"","tooltip_en_us":"","tooltip_it_it":"","tooltip_es_es":"","tooltip_fr_fr":"","tooltip_de_de":"","tooltip_i18n-key":"","value":"{{L2_Entities}}","default-value":"","description":"","description_en_us":"","description_it_it":"","description_es_es":"","description_fr_fr":"","description_de_de":"","description_i18n-key":"","col-span":"1","ignored":false,"ignored-run":"","visible":true,"visible-run":"","enabled":true,"enabled-run":"","required":false,"style-class":"","documentation":"","custom-validations":"","validation-panel-display":"show","label":"","label_en_us":"","label_it_it":"","label_es_es":"","label_fr_fr":"","label_de_de":"","label_i18n-key":"","show-border":false,"min-children":"","min-children-run":"","min-children-error-msg":"","min-children-error-msg_en_us":"","min-children-error-msg_it_it":"","min-children-error-msg_es_es":"","min-children-error-msg_fr_fr":"","min-children-error-msg_de_de":"","min-children-error-msg_i18n-key":"","max-children":"","max-children-run":"","max-children-error-msg":"","max-children-error-msg_en_us":"","max-children-error-msg_it_it":"","max-children-error-msg_es_es":"","max-children-error-msg_fr_fr":"","max-children-error-msg_de_de":"","max-children-error-msg_i18n-key":"","collapsible":false,"collapsed":false,"collapsed-run":"","id":"sub-form1","width":"200","height":"","col":1,"col-align":"fill","col-weight":"","row":2,"row-align":"top","row-weight":"","size":12,"description-position":"bottom","description-align":"left","node-type":"","modelevents":"","discriminator":"","form-ref":{"id":"FORM_MODEL-a7089eae-2733-4d6f-b774-2e5c37eb7f9b","key":"uIT_111_Hem_Dashboard_ManageL2Entities"},"form-ref-run":"","multiple-entries":true,"required-run":"","show-add-button":true,"show-add-button-run":"","show-remove-button":"{{$item.hasReference=='false'}}","show-remove-button-run":"{{$item.hasReference=='false'}}","add-button-text":"ADD L2","add-button-text_en_us":"ADD L2","add-button-text_it_it":"","add-button-text_es_es":"","add-button-text_fr_fr":"","add-button-text_de_de":"","add-button-text_i18n-key":"","show-no-items-message":true,"no-items-message":"","no-items-message_en_us":"","no-items-message_it_it":"","no-items-message_es_es":"","no-items-message_fr_fr":"","no-items-message_de_de":"","no-items-message_i18n-key":"","xmlTag":"subform"},"ssextensions":[],"outgoing":[],"dockers":[],"labels":[{"styles":{"fill":"#000000","size":"12","italic":false,"bold":false},"ref":"input_text"},{"styles":{"fill":"#000000","size":"12","italic":false,"bold":false},"ref":"label_text"},{"styles":{"fill":"#000000","size":"12","italic":false,"bold":false},"ref":"input_u_text"}]},{"resourceId":"text1","stencil":{"id":"base-text"},"pathProperties":{"min-length":"extraSettings.minLength","min-length-run":"extraSettings.minLength","min-length-error-msg":"minLengthErrorMessage","min-length-error-msg_en_us":"i18n.en_us.minLengthErrorMessage","min-length-error-msg_it_it":"i18n.it_it.minLengthErrorMessage","min-length-error-msg_es_es":"i18n.es_es.minLengthErrorMessage","min-length-error-msg_fr_fr":"i18n.fr_fr.minLengthErrorMessage","min-length-error-msg_de_de":"i18n.de_de.minLengthErrorMessage","min-length-error-msg_i18n-key":"minLengthErrorMessage","max-length":"extraSettings.maxLength","max-length-run":"extraSettings.maxLength","max-length-error-msg":"maxLengthErrorMessage","max-length-error-msg_en_us":"i18n.en_us.maxLengthErrorMessage","max-length-error-msg_it_it":"i18n.it_it.maxLengthErrorMessage","max-length-error-msg_es_es":"i18n.es_es.maxLengthErrorMessage","max-length-error-msg_fr_fr":"i18n.fr_fr.maxLengthErrorMessage","max-length-error-msg_de_de":"i18n.de_de.maxLengthErrorMessage","max-length-error-msg_i18n-key":"maxLengthErrorMessage","placeholder":"placeholder","placeholder_en_us":"i18n.en_us.placeholder","placeholder_it_it":"i18n.it_it.placeholder","placeholder_es_es":"i18n.es_es.placeholder","placeholder_fr_fr":"i18n.fr_fr.placeholder","placeholder_de_de":"i18n.de_de.placeholder","placeholder_i18n-key":"placeholder","label-position":"labelAlign","tooltip":"tooltip","tooltip_en_us":"i18n.en_us.tooltip","tooltip_it_it":"i18n.it_it.tooltip","tooltip_es_es":"i18n.es_es.tooltip","tooltip_fr_fr":"i18n.fr_fr.tooltip","tooltip_de_de":"i18n.de_de.tooltip","tooltip_i18n-key":"tooltip","value":"value","default-value":"defaultValue","description":"description","description_en_us":"i18n.en_us.description","description_it_it":"i18n.it_it.description","description_es_es":"i18n.es_es.description","description_fr_fr":"i18n.fr_fr.description","description_de_de":"i18n.de_de.description","description_i18n-key":"description","col-span":"size","ignored":"ignore","ignored-run":"ignore","visible":"visible","visible-run":"visible","enabled":"enabled","enabled-run":"enabled","required":"isRequired","required-run":"isRequired","style-class":"styleClass","custom-validations":"customValidations","validation-panel-display":"extraSettings.validationPanelDisplay","label":"label","label_en_us":"i18n.en_us.label","label_it_it":"i18n.it_it.label","label_es_es":"i18n.es_es.label","label_fr_fr":"i18n.fr_fr.label","label_de_de":"i18n.de_de.label","label_i18n-key":"label","id":"id","modelevents":"modelEvents","validation-regexp":"validationRegExp","validation-regexp-error-msg":"validationRegExpErrorMessage","validation-regexp-error-msg_en_us":"i18n.en_us.validationRegExpErrorMessage","validation-regexp-error-msg_it_it":"i18n.it_it.validationRegExpErrorMessage","validation-regexp-error-msg_es_es":"i18n.es_es.validationRegExpErrorMessage","validation-regexp-error-msg_fr_fr":"i18n.fr_fr.validationRegExpErrorMessage","validation-regexp-error-msg_de_de":"i18n.de_de.validationRegExpErrorMessage","validation-regexp-error-msg_i18n-key":"validationRegExpErrorMessage","validation-mask":"validationMask","validation-mask-error-msg":"validationMaskErrorMessage","validation-mask-error-msg_en_us":"i18n.en_us.validationMaskErrorMessage","validation-mask-error-msg_it_it":"i18n.it_it.validationMaskErrorMessage","validation-mask-error-msg_es_es":"i18n.es_es.validationMaskErrorMessage","validation-mask-error-msg_fr_fr":"i18n.fr_fr.validationMaskErrorMessage","validation-mask-error-msg_de_de":"i18n.de_de.validationMaskErrorMessage","validation-mask-error-msg_i18n-key":"validationMaskErrorMessage"},"pathMappingProperties":{},"xmlProperties":["min-length","min-length-run","min-length-error-msg","min-length-error-msg_en_us","min-length-error-msg_it_it","min-length-error-msg_es_es","min-length-error-msg_fr_fr","min-length-error-msg_de_de","min-length-error-msg_i18n-key","validation-regexp","validation-regexp-error-msg","validation-regexp-error-msg_en_us","validation-regexp-error-msg_it_it","validation-regexp-error-msg_es_es","validation-regexp-error-msg_fr_fr","validation-regexp-error-msg_de_de","validation-regexp-error-msg_i18n-key","validation-mask","validation-mask-error-msg","validation-mask-error-msg_en_us","validation-mask-error-msg_it_it","validation-mask-error-msg_es_es","validation-mask-error-msg_fr_fr","validation-mask-error-msg_de_de","validation-mask-error-msg_i18n-key"],"childShapes":[],"bounds":{"lowerRight":{"x":398.25,"y":97},"upperLeft":{"x":15,"y":49}},"outputmappingproperties":{"custom-validations":{"type":"formlist","placeholders":[]},"modelevents":{"type":"formlist","placeholders":[]}},"properties":{"stencilid":"cloud-text","stencilsuperid":"base-text","stencilsuperids":["base-text"],"customstencil":false,"bordercolor":"#000000","notes":"","min-length":"","min-length-run":"","min-length-error-msg":"","min-length-error-msg_en_us":"","min-length-error-msg_it_it":"","min-length-error-msg_es_es":"","min-length-error-msg_fr_fr":"","min-length-error-msg_de_de":"","min-length-error-msg_i18n-key":"","max-length":"","max-length-run":"","max-length-error-msg":"","max-length-error-msg_en_us":"","max-length-error-msg_it_it":"","max-length-error-msg_es_es":"","max-length-error-msg_fr_fr":"","max-length-error-msg_de_de":"","max-length-error-msg_i18n-key":"","placeholder":"","placeholder_en_us":"","placeholder_it_it":"","placeholder_es_es":"","placeholder_fr_fr":"","placeholder_de_de":"","placeholder_i18n-key":"","label-position":"top","tooltip":"","tooltip_en_us":"","tooltip_it_it":"","tooltip_es_es":"","tooltip_fr_fr":"","tooltip_de_de":"","tooltip_i18n-key":"","value":"{{L1_Entity_Nm}}","default-value":"","description":"","description_en_us":"","description_it_it":"","description_es_es":"","description_fr_fr":"","description_de_de":"","description_i18n-key":"","col-span":"1","ignored":false,"ignored-run":"","visible":true,"visible-run":"","enabled":true,"enabled-run":"","required":true,"required-run":"","style-class":".flw-blue","documentation":"","custom-validations":"","validation-panel-display":"show","label":"L1 Entity Name","label_en_us":"L1 Entity Name","label_it_it":"","label_es_es":"","label_fr_fr":"","label_de_de":"","label_i18n-key":"","id":"text1","width":"200","height":"","col":1,"col-align":"fill","col-weight":"","row":1,"row-align":"top","row-weight":"","size":5,"description-position":"bottom","description-align":"left","node-type":"","modelevents":"","validation-regexp":"","validation-regexp-error-msg":"","validation-regexp-error-msg_en_us":"","validation-regexp-error-msg_it_it":"","validation-regexp-error-msg_es_es":"","validation-regexp-error-msg_fr_fr":"","validation-regexp-error-msg_de_de":"","validation-regexp-error-msg_i18n-key":"","validation-mask":"","validation-mask-error-msg":"","validation-mask-error-msg_en_us":"","validation-mask-error-msg_it_it":"","validation-mask-error-msg_es_es":"","validation-mask-error-msg_fr_fr":"","validation-mask-error-msg_de_de":"","validation-mask-error-msg_i18n-key":"","xmlTag":"text"},"ssextensions":[],"outgoing":[],"dockers":[],"labels":[{"styles":{"fill":"#000000","size":"12","italic":false,"bold":false},"ref":"label_text"},{"styles":{"fill":"#000000","size":"12","italic":false,"bold":false},"ref":"input_text"},{"styles":{"fill":"#000000","size":"12","italic":false,"bold":false},"ref":"desc_text"}]},{"resourceId":"checkbox1","stencil":{"id":"base-checkbox"},"pathProperties":{"placeholder":"placeholder","placeholder_en_us":"i18n.en_us.placeholder","placeholder_it_it":"i18n.it_it.placeholder","placeholder_es_es":"i18n.es_es.placeholder","placeholder_fr_fr":"i18n.fr_fr.placeholder","placeholder_de_de":"i18n.de_de.placeholder","placeholder_i18n-key":"placeholder","label-position":"checkboxLabelAlign","tooltip":"tooltip","tooltip_en_us":"i18n.en_us.tooltip","tooltip_it_it":"i18n.it_it.tooltip","tooltip_es_es":"i18n.es_es.tooltip","tooltip_fr_fr":"i18n.fr_fr.tooltip","tooltip_de_de":"i18n.de_de.tooltip","tooltip_i18n-key":"tooltip","value":"value","default-value":"defaultValue","description":"description","description_en_us":"i18n.en_us.description","description_it_it":"i18n.it_it.description","description_es_es":"i18n.es_es.description","description_fr_fr":"i18n.fr_fr.description","description_de_de":"i18n.de_de.description","description_i18n-key":"description","col-span":"size","ignored":"ignore","ignored-run":"ignore","visible":"visible","visible-run":"visible","enabled":"enabled","enabled-run":"enabled","required":"isRequired","required-run":"isRequired","style-class":"styleClass","custom-validations":"customValidations","validation-panel-display":"extraSettings.validationPanelDisplay","label":"label","label_en_us":"i18n.en_us.label","label_it_it":"i18n.it_it.label","label_es_es":"i18n.es_es.label","label_fr_fr":"i18n.fr_fr.label","label_de_de":"i18n.de_de.label","label_i18n-key":"label","id":"id","node-type":"type","modelevents":"modelEvents","default-value-run":"defaultValue"},"pathMappingProperties":{},"xmlProperties":[],"childShapes":[],"bounds":{"lowerRight":{"x":477.9,"y":75},"upperLeft":{"x":413.25,"y":49}},"outputmappingproperties":{"custom-validations":{"type":"formlist","placeholders":[]},"modelevents":{"type":"formlist","placeholders":[]}},"properties":{"stencilid":"cloud-checkbox","stencilsuperid":"base-checkbox","stencilsuperids":["base-checkbox"],"customstencil":false,"bordercolor":"#000000","notes":"","placeholder":"","placeholder_en_us":"","placeholder_it_it":"","placeholder_es_es":"","placeholder_fr_fr":"","placeholder_de_de":"","placeholder_i18n-key":"","label-position":"right","tooltip":"","tooltip_en_us":"","tooltip_it_it":"","tooltip_es_es":"","tooltip_fr_fr":"","tooltip_de_de":"","tooltip_i18n-key":"","value":"{{visibility}}","default-value":false,"description":"","description_en_us":"","description_it_it":"","description_es_es":"","description_fr_fr":"","description_de_de":"","description_i18n-key":"","col-span":"1","ignored":false,"ignored-run":"","visible":true,"visible-run":"","enabled":true,"enabled-run":"","required":false,"required-run":"","style-class":"","documentation":"","custom-validations":"","validation-panel-display":"show","label":"Visibility","label_en_us":"Visibility","label_it_it":"","label_es_es":"","label_fr_fr":"","label_de_de":"","label_i18n-key":"","id":"checkbox1","width":"200","height":"","col":6,"col-align":"fill","col-weight":"","row":1,"row-align":"top","row-weight":"","size":1,"description-position":"bottom","description-align":"left","node-type":"boolean","modelevents":"","default-value-run":"","xmlTag":"boolean"},"ssextensions":[],"outgoing":[],"dockers":[],"labels":[{"styles":{"fill":"#000000","size":"12","italic":false,"bold":false},"ref":"label_text"},{"styles":{"fill":"#000000","size":"12","italic":false,"bold":false},"ref":"input_text"},{"styles":{"fill":"#000000","size":"12","italic":false,"bold":false},"ref":"input_dependent_text"},{"styles":{"fill":"#000000","size":"12","italic":false,"bold":false},"ref":"desc_text"}]},{"resourceId":"text2","stencil":{"id":"base-text"},"pathProperties":{"min-length":"extraSettings.minLength","min-length-run":"extraSettings.minLength","min-length-error-msg":"minLengthErrorMessage","min-length-error-msg_en_us":"i18n.en_us.minLengthErrorMessage","min-length-error-msg_it_it":"i18n.it_it.minLengthErrorMessage","min-length-error-msg_es_es":"i18n.es_es.minLengthErrorMessage","min-length-error-msg_fr_fr":"i18n.fr_fr.minLengthErrorMessage","min-length-error-msg_de_de":"i18n.de_de.minLengthErrorMessage","min-length-error-msg_i18n-key":"minLengthErrorMessage","max-length":"extraSettings.maxLength","max-length-run":"extraSettings.maxLength","max-length-error-msg":"maxLengthErrorMessage","max-length-error-msg_en_us":"i18n.en_us.maxLengthErrorMessage","max-length-error-msg_it_it":"i18n.it_it.maxLengthErrorMessage","max-length-error-msg_es_es":"i18n.es_es.maxLengthErrorMessage","max-length-error-msg_fr_fr":"i18n.fr_fr.maxLengthErrorMessage","max-length-error-msg_de_de":"i18n.de_de.maxLengthErrorMessage","max-length-error-msg_i18n-key":"maxLengthErrorMessage","placeholder":"placeholder","placeholder_en_us":"i18n.en_us.placeholder","placeholder_it_it":"i18n.it_it.placeholder","placeholder_es_es":"i18n.es_es.placeholder","placeholder_fr_fr":"i18n.fr_fr.placeholder","placeholder_de_de":"i18n.de_de.placeholder","placeholder_i18n-key":"placeholder","label-position":"labelAlign","tooltip":"tooltip","tooltip_en_us":"i18n.en_us.tooltip","tooltip_it_it":"i18n.it_it.tooltip","tooltip_es_es":"i18n.es_es.tooltip","tooltip_fr_fr":"i18n.fr_fr.tooltip","tooltip_de_de":"i18n.de_de.tooltip","tooltip_i18n-key":"tooltip","value":"value","default-value":"defaultValue","description":"description","description_en_us":"i18n.en_us.description","description_it_it":"i18n.it_it.description","description_es_es":"i18n.es_es.description","description_fr_fr":"i18n.fr_fr.description","description_de_de":"i18n.de_de.description","description_i18n-key":"description","col-span":"size","ignored":"ignore","ignored-run":"ignore","visible":"visible","visible-run":"visible","enabled":"enabled","enabled-run":"enabled","required":"isRequired","required-run":"isRequired","style-class":"styleClass","custom-validations":"customValidations","validation-panel-display":"extraSettings.validationPanelDisplay","label":"label","label_en_us":"i18n.en_us.label","label_it_it":"i18n.it_it.label","label_es_es":"i18n.es_es.label","label_fr_fr":"i18n.fr_fr.label","label_de_de":"i18n.de_de.label","label_i18n-key":"label","id":"id","modelevents":"modelEvents","validation-regexp":"validationRegExp","validation-regexp-error-msg":"validationRegExpErrorMessage","validation-regexp-error-msg_en_us":"i18n.en_us.validationRegExpErrorMessage","validation-regexp-error-msg_it_it":"i18n.it_it.validationRegExpErrorMessage","validation-regexp-error-msg_es_es":"i18n.es_es.validationRegExpErrorMessage","validation-regexp-error-msg_fr_fr":"i18n.fr_fr.validationRegExpErrorMessage","validation-regexp-error-msg_de_de":"i18n.de_de.validationRegExpErrorMessage","validation-regexp-error-msg_i18n-key":"validationRegExpErrorMessage","validation-mask":"validationMask","validation-mask-error-msg":"validationMaskErrorMessage","validation-mask-error-msg_en_us":"i18n.en_us.validationMaskErrorMessage","validation-mask-error-msg_it_it":"i18n.it_it.validationMaskErrorMessage","validation-mask-error-msg_es_es":"i18n.es_es.validationMaskErrorMessage","validation-mask-error-msg_fr_fr":"i18n.fr_fr.validationMaskErrorMessage","validation-mask-error-msg_de_de":"i18n.de_de.validationMaskErrorMessage","validation-mask-error-msg_i18n-key":"validationMaskErrorMessage"},"pathMappingProperties":{},"xmlProperties":["min-length","min-length-run","min-length-error-msg","min-length-error-msg_en_us","min-length-error-msg_it_it","min-length-error-msg_es_es","min-length-error-msg_fr_fr","min-length-error-msg_de_de","min-length-error-msg_i18n-key","validation-regexp","validation-regexp-error-msg","validation-regexp-error-msg_en_us","validation-regexp-error-msg_it_it","validation-regexp-error-msg_es_es","validation-regexp-error-msg_fr_fr","validation-regexp-error-msg_de_de","validation-regexp-error-msg_i18n-key","validation-mask","validation-mask-error-msg","validation-mask-error-msg_en_us","validation-mask-error-msg_it_it","validation-mask-error-msg_es_es","validation-mask-error-msg_fr_fr","validation-mask-error-msg_de_de","validation-mask-error-msg_i18n-key"],"childShapes":[],"bounds":{"lowerRight":{"x":955.8,"y":121},"upperLeft":{"x":811.5,"y":49}},"outputmappingproperties":{"custom-validations":{"type":"formlist","placeholders":[]},"modelevents":{"type":"formlist","placeholders":[]}},"properties":{"stencilid":"cloud-text","stencilsuperid":"base-text","stencilsuperids":["base-text"],"customstencil":false,"bordercolor":"#000000","notes":"","min-length":"","min-length-run":"","min-length-error-msg":"","min-length-error-msg_en_us":"","min-length-error-msg_it_it":"","min-length-error-msg_es_es":"","min-length-error-msg_fr_fr":"","min-length-error-msg_de_de":"","min-length-error-msg_i18n-key":"","max-length":"","max-length-run":"","max-length-error-msg":"","max-length-error-msg_en_us":"","max-length-error-msg_it_it":"","max-length-error-msg_es_es":"","max-length-error-msg_fr_fr":"","max-length-error-msg_de_de":"","max-length-error-msg_i18n-key":"","placeholder":"","placeholder_en_us":"","placeholder_it_it":"","placeholder_es_es":"","placeholder_fr_fr":"","placeholder_de_de":"","placeholder_i18n-key":"","label-position":"top","tooltip":"","tooltip_en_us":"","tooltip_it_it":"","tooltip_es_es":"","tooltip_fr_fr":"","tooltip_de_de":"","tooltip_i18n-key":"","value":"{{hasReference}}","default-value":"false","description":"When adding new make delete button visible","description_en_us":"When adding new make delete button visible","description_it_it":"","description_es_es":"","description_fr_fr":"","description_de_de":"","description_i18n-key":"","col-span":"1","ignored":"","ignored-run":"","visible":false,"visible-run":"","enabled":true,"enabled-run":"","required":false,"required-run":"","style-class":"","documentation":"","custom-validations":"","validation-panel-display":"show","label":"default hasReference","label_en_us":"default hasReference","label_it_it":"","label_es_es":"","label_fr_fr":"","label_de_de":"","label_i18n-key":"","id":"text2","width":"200","height":"","col":11,"col-align":"fill","col-weight":"","row":1,"row-align":"top","row-weight":"","size":2,"description-position":"bottom","description-align":"left","node-type":"","modelevents":"","validation-regexp":"","validation-regexp-error-msg":"","validation-regexp-error-msg_en_us":"","validation-regexp-error-msg_it_it":"","validation-regexp-error-msg_es_es":"","validation-regexp-error-msg_fr_fr":"","validation-regexp-error-msg_de_de":"","validation-regexp-error-msg_i18n-key":"","validation-mask":"","validation-mask-error-msg":"","validation-mask-error-msg_en_us":"","validation-mask-error-msg_it_it":"","validation-mask-error-msg_es_es":"","validation-mask-error-msg_fr_fr":"","validation-mask-error-msg_de_de":"","validation-mask-error-msg_i18n-key":"","xmlTag":"text"},"ssextensions":[],"outgoing":[],"dockers":[],"labels":[{"styles":{"fill":"#000000","size":"12","italic":false,"bold":false},"ref":"label_text"},{"styles":{"fill":"#000000","size":"12","italic":false,"bold":false},"ref":"input_text"},{"styles":{"fill":"#000000","size":"12","italic":false,"bold":false},"ref":"desc_text"}]}],"bounds":{"lowerRight":{"x":985.8000000000001,"y":264},"upperLeft":{"x":15,"y":25}},"outputmappingproperties":{"custom-validations":{"type":"formlist","placeholders":[]},"modelevents":{"type":"formlist","placeholders":[]}},"properties":{"stencilid":"cloud-sub-panel","stencilsuperid":"SubSlotPanel","stencilsuperids":["SubSlotPanel"],"customstencil":false,"label":"{{L1_Entity_Nm}}","label_en_us":"{{L1_Entity_Nm}}","label_it_it":"","label_es_es":"","label_fr_fr":"","label_de_de":"","label_i18n-key":"","notes":"","label-position":"top","tooltip":"","tooltip_en_us":"","tooltip_it_it":"","tooltip_es_es":"","tooltip_fr_fr":"","tooltip_de_de":"","tooltip_i18n-key":"","value":"","default-value":"","description":"","description_en_us":"","description_it_it":"","description_es_es":"","description_fr_fr":"","description_de_de":"","description_i18n-key":"","col-span":"1","ignored":false,"ignored-run":"","visible":true,"visible-run":"","enabled":true,"enabled-run":"","required":false,"required-run":"","style-class":".flw-blue","documentation":"","custom-validations":"","validation-panel-display":"show","id":"sub-panel1","width":43.650000000000006,"height":"","col":1,"col-align":"fill","col-weight":"","row":1,"row-align":"top","row-weight":"","size":12,"description-position":"bottom","description-align":"left","node-type":"","modelevents":{"totalCount":0,"items":[]},"options":"","modal-button-text":"","modal-button-text_en_us":"","modal-button-text_it_it":"","modal-button-text_es_es":"","modal-button-text_fr_fr":"","modal-button-text_de_de":"","modal-button-text_i18n-key":"","modal-open":"","collapsible":true,"collapsed":true,"collapsed-run":"","show-border":true,"modal-width":"","save-button-text":"","save-button-text_en_us":"","save-button-text_it_it":"","save-button-text_es_es":"","save-button-text_fr_fr":"","save-button-text_de_de":"","save-button-text_i18n-key":"","save-button-visible":true,"save-button-visible-run":"","save-button-enabled":true,"save-button-enabled-run":"","cancel-button-text":"","cancel-button-text_en_us":"","cancel-button-text_it_it":"","cancel-button-text_es_es":"","cancel-button-text_fr_fr":"","cancel-button-text_de_de":"","cancel-button-text_i18n-key":"","cancel-button-visible":"{{deleteL1==true}}","cancel-button-visible-run":"{{deleteL1==true}}","cancel-button-enabled":true,"cancel-button-enabled-run":"","xmlTag":"panel"},"ssextensions":[],"outgoing":[],"dockers":[],"labels":[{"styles":{"fill":"#000000","size":"12","italic":false,"bold":false},"ref":"label_text"}]}],"bounds":{"lowerRight":{"x":1049,"y":339},"upperLeft":{"x":50,"y":50}},"oldResourceId":"sid-8D9FC954-EB33-4C05-ADF0-5706EF50E974","properties":{"stencilid":"SlotPanel","stencilsuperid":"SlotPanel","stencilsuperids":["SlotPanel"],"customstencil":false,"id":"panel1","notes":"","width":67},"ssextensions":[],"outgoing":[],"dockers":[]}],"bounds":{"lowerRight":{"x":1485,"y":1050},"upperLeft":{"x":0,"y":0}},"outputmappingproperties":{"outcomes":{"type":"formlist","placeholders":[]},"events":{"type":"formlist","placeholders":[]},"custom-validations":{"type":"formlist","placeholders":[]}},"properties":{"stencilid":"XForm","stencilsuperid":"XForm","stencilsuperids":["XForm"],"customstencil":false,"id":"uIT_111_Form_Hem_Dashboard","notes":"","name":"UIT_111_Form_Hem_Dashboard","guid":"FORM_MODEL-b34a899b-ae21-4400-b3ac-3013a974df36","creationdate":"2023-05-03T15:42:12.271Z","modificationdate":"2023-05-11T20:06:13.780Z","outcomes":"","outcomevariablename":"","events":"","dialog-size":"","dialog-size-run":"","dialog-title":"","dialog-title_en_us":"","dialog-title_it_it":"","dialog-title_es_es":"","dialog-title_fr_fr":"","dialog-title_de_de":"","dialog-title_i18n-key":"","dialog-description":"","force-validation":"","custom-validations":"","validation-panel-display":"show","description":""},"ssextensions":[],"stencilset":{"url":"./app/editor_stencilset","paletteKey":"flowable-form-palette","namespace":"http://b3mn.org/stencilset/xforms2.0#"}}}