{"id":"FORM_MODEL-a7089eae-2733-4d6f-b774-2e5c37eb7f9b","name":"UIT_111_Form_Hem_Manage_L2_Entities","key":"uIT_111_Form_Hem_Manage_L2_Entities","description":"","tenantId":"default","editorJson":{"resourceId":"editor_FORM_MODEL-a7089eae-2733-4d6f-b774-2e5c37eb7f9b","stencil":{"id":"XForm"},"pathProperties":{"outcomes":"outcomes","outcomevariablename":"outcomeVariableName","events":"extraSettings.events","dialog-size":"dialogSize","dialog-size-run":"dialogSize","dialog-title":"dialogTitle","dialog-title_en_us":"i18n.en_us.dialogTitle","dialog-title_it_it":"i18n.it_it.dialogTitle","dialog-title_es_es":"i18n.es_es.dialogTitle","dialog-title_fr_fr":"i18n.fr_fr.dialogTitle","dialog-title_de_de":"i18n.de_de.dialogTitle","dialog-title_i18n-key":"dialogTitle","dialog-description":"dialogDescription","force-validation":"forceValidation","custom-validations":"customValidations","validation-panel-display":"extraSettings.validationPanelDisplay"},"pathMappingProperties":{},"xmlProperties":[],"childShapes":[{"resourceId":"panel1","stencil":{"id":"SlotPanel"},"pathProperties":{"id":"id"},"pathMappingProperties":{},"xmlProperties":[],"childShapes":[{"resourceId":"sub-panel1","stencil":{"id":"SubSlotPanel"},"pathProperties":{"label":"label","label_en_us":"i18n.en_us.label","label_it_it":"i18n.it_it.label","label_es_es":"i18n.es_es.label","label_fr_fr":"i18n.fr_fr.label","label_de_de":"i18n.de_de.label","label_i18n-key":"label","label-position":"labelAlign","tooltip":"tooltip","tooltip_en_us":"i18n.en_us.tooltip","tooltip_it_it":"i18n.it_it.tooltip","tooltip_es_es":"i18n.es_es.tooltip","tooltip_fr_fr":"i18n.fr_fr.tooltip","tooltip_de_de":"i18n.de_de.tooltip","tooltip_i18n-key":"tooltip","value":"value","default-value":"defaultValue","description":"description","description_en_us":"i18n.en_us.description","description_it_it":"i18n.it_it.description","description_es_es":"i18n.es_es.description","description_fr_fr":"i18n.fr_fr.description","description_de_de":"i18n.de_de.description","description_i18n-key":"description","col-span":"size","ignored":"ignore","ignored-run":"ignore","visible":"visible","visible-run":"visible","enabled":"enabled","enabled-run":"enabled","required":"isRequired","required-run":"isRequired","style-class":"styleClass","custom-validations":"customValidations","validation-panel-display":"extraSettings.validationPanelDisplay","id":"id","modelevents":"modelEvents","modal-button-text":"extraSettings.modalButtonText","modal-button-text_en_us":"i18n.en_us.extraSettings.modalButtonText","modal-button-text_it_it":"i18n.it_it.extraSettings.modalButtonText","modal-button-text_es_es":"i18n.es_es.extraSettings.modalButtonText","modal-button-text_fr_fr":"i18n.fr_fr.extraSettings.modalButtonText","modal-button-text_de_de":"i18n.de_de.extraSettings.modalButtonText","modal-button-text_i18n-key":"extraSettings.modalButtonText","modal-open":"extraSettings.modalOpen","collapsible":"extraSettings.collapsible","collapsed":"extraSettings.collapsed","collapsed-run":"extraSettings.collapsed","show-border":"extraSettings.showBorder","modal-width":"extraSettings.width","save-button-text":"extraSettings.saveButtonText","save-button-text_en_us":"i18n.en_us.extraSettings.saveButtonText","save-button-text_it_it":"i18n.it_it.extraSettings.saveButtonText","save-button-text_es_es":"i18n.es_es.extraSettings.saveButtonText","save-button-text_fr_fr":"i18n.fr_fr.extraSettings.saveButtonText","save-button-text_de_de":"i18n.de_de.extraSettings.saveButtonText","save-button-text_i18n-key":"extraSettings.saveButtonText","save-button-visible":"extraSettings.saveButtonVisible","save-button-visible-run":"extraSettings.saveButtonVisible","save-button-enabled":"extraSettings.saveButtonEnabled","save-button-enabled-run":"extraSettings.saveButtonEnabled","cancel-button-text":"extraSettings.cancelButtonText","cancel-button-text_en_us":"i18n.en_us.extraSettings.cancelButtonText","cancel-button-text_it_it":"i18n.it_it.extraSettings.cancelButtonText","cancel-button-text_es_es":"i18n.es_es.extraSettings.cancelButtonText","cancel-button-text_fr_fr":"i18n.fr_fr.extraSettings.cancelButtonText","cancel-button-text_de_de":"i18n.de_de.extraSettings.cancelButtonText","cancel-button-text_i18n-key":"extraSettings.cancelButtonText","cancel-button-visible":"extraSettings.cancelButtonVisible","cancel-button-visible-run":"extraSettings.cancelButtonVisible","cancel-button-enabled":"extraSettings.cancelButtonEnabled","cancel-button-enabled-run":"extraSettings.cancelButtonEnabled"},"pathMappingProperties":{},"xmlProperties":["value"],"childShapes":[{"resourceId":"sub-panel3","stencil":{"id":"SubSlotPanel"},"pathProperties":{"label":"label","label_en_us":"i18n.en_us.label","label_it_it":"i18n.it_it.label","label_es_es":"i18n.es_es.label","label_fr_fr":"i18n.fr_fr.label","label_de_de":"i18n.de_de.label","label_i18n-key":"label","label-position":"labelAlign","tooltip":"tooltip","tooltip_en_us":"i18n.en_us.tooltip","tooltip_it_it":"i18n.it_it.tooltip","tooltip_es_es":"i18n.es_es.tooltip","tooltip_fr_fr":"i18n.fr_fr.tooltip","tooltip_de_de":"i18n.de_de.tooltip","tooltip_i18n-key":"tooltip","value":"value","default-value":"defaultValue","description":"description","description_en_us":"i18n.en_us.description","description_it_it":"i18n.it_it.description","description_es_es":"i18n.es_es.description","description_fr_fr":"i18n.fr_fr.description","description_de_de":"i18n.de_de.description","description_i18n-key":"description","col-span":"size","ignored":"ignore","ignored-run":"ignore","visible":"visible","visible-run":"visible","enabled":"enabled","enabled-run":"enabled","required":"isRequired","required-run":"isRequired","style-class":"styleClass","custom-validations":"customValidations","validation-panel-display":"extraSettings.validationPanelDisplay","id":"id","modelevents":"modelEvents","modal-button-text":"extraSettings.modalButtonText","modal-button-text_en_us":"i18n.en_us.extraSettings.modalButtonText","modal-button-text_it_it":"i18n.it_it.extraSettings.modalButtonText","modal-button-text_es_es":"i18n.es_es.extraSettings.modalButtonText","modal-button-text_fr_fr":"i18n.fr_fr.extraSettings.modalButtonText","modal-button-text_de_de":"i18n.de_de.extraSettings.modalButtonText","modal-button-text_i18n-key":"extraSettings.modalButtonText","modal-open":"extraSettings.modalOpen","collapsible":"extraSettings.collapsible","collapsed":"extraSettings.collapsed","collapsed-run":"extraSettings.collapsed","show-border":"extraSettings.showBorder","modal-width":"extraSettings.width","save-button-text":"extraSettings.saveButtonText","save-button-text_en_us":"i18n.en_us.extraSettings.saveButtonText","save-button-text_it_it":"i18n.it_it.extraSettings.saveButtonText","save-button-text_es_es":"i18n.es_es.extraSettings.saveButtonText","save-button-text_fr_fr":"i18n.fr_fr.extraSettings.saveButtonText","save-button-text_de_de":"i18n.de_de.extraSettings.saveButtonText","save-button-text_i18n-key":"extraSettings.saveButtonText","save-button-visible":"extraSettings.saveButtonVisible","save-button-visible-run":"extraSettings.saveButtonVisible","save-button-enabled":"extraSettings.saveButtonEnabled","save-button-enabled-run":"extraSettings.saveButtonEnabled","cancel-button-text":"extraSettings.cancelButtonText","cancel-button-text_en_us":"i18n.en_us.extraSettings.cancelButtonText","cancel-button-text_it_it":"i18n.it_it.extraSettings.cancelButtonText","cancel-button-text_es_es":"i18n.es_es.extraSettings.cancelButtonText","cancel-button-text_fr_fr":"i18n.fr_fr.extraSettings.cancelButtonText","cancel-button-text_de_de":"i18n.de_de.extraSettings.cancelButtonText","cancel-button-text_i18n-key":"extraSettings.cancelButtonText","cancel-button-visible":"extraSettings.cancelButtonVisible","cancel-button-visible-run":"extraSettings.cancelButtonVisible","cancel-button-enabled":"extraSettings.cancelButtonEnabled","cancel-button-enabled-run":"extraSettings.cancelButtonEnabled"},"pathMappingProperties":{},"xmlProperties":["value"],"childShapes":[{"resourceId":"text1","stencil":{"id":"base-text"},"pathProperties":{"min-length":"extraSettings.minLength","min-length-run":"extraSettings.minLength","min-length-error-msg":"minLengthErrorMessage","min-length-error-msg_en_us":"i18n.en_us.minLengthErrorMessage","min-length-error-msg_it_it":"i18n.it_it.minLengthErrorMessage","min-length-error-msg_es_es":"i18n.es_es.minLengthErrorMessage","min-length-error-msg_fr_fr":"i18n.fr_fr.minLengthErrorMessage","min-length-error-msg_de_de":"i18n.de_de.minLengthErrorMessage","min-length-error-msg_i18n-key":"minLengthErrorMessage","max-length":"extraSettings.maxLength","max-length-run":"extraSettings.maxLength","max-length-error-msg":"maxLengthErrorMessage","max-length-error-msg_en_us":"i18n.en_us.maxLengthErrorMessage","max-length-error-msg_it_it":"i18n.it_it.maxLengthErrorMessage","max-length-error-msg_es_es":"i18n.es_es.maxLengthErrorMessage","max-length-error-msg_fr_fr":"i18n.fr_fr.maxLengthErrorMessage","max-length-error-msg_de_de":"i18n.de_de.maxLengthErrorMessage","max-length-error-msg_i18n-key":"maxLengthErrorMessage","placeholder":"placeholder","placeholder_en_us":"i18n.en_us.placeholder","placeholder_it_it":"i18n.it_it.placeholder","placeholder_es_es":"i18n.es_es.placeholder","placeholder_fr_fr":"i18n.fr_fr.placeholder","placeholder_de_de":"i18n.de_de.placeholder","placeholder_i18n-key":"placeholder","label-position":"labelAlign","tooltip":"tooltip","tooltip_en_us":"i18n.en_us.tooltip","tooltip_it_it":"i18n.it_it.tooltip","tooltip_es_es":"i18n.es_es.tooltip","tooltip_fr_fr":"i18n.fr_fr.tooltip","tooltip_de_de":"i18n.de_de.tooltip","tooltip_i18n-key":"tooltip","value":"value","default-value":"defaultValue","description":"description","description_en_us":"i18n.en_us.description","description_it_it":"i18n.it_it.description","description_es_es":"i18n.es_es.description","description_fr_fr":"i18n.fr_fr.description","description_de_de":"i18n.de_de.description","description_i18n-key":"description","col-span":"size","ignored":"ignore","ignored-run":"ignore","visible":"visible","visible-run":"visible","enabled":"enabled","enabled-run":"enabled","required":"isRequired","required-run":"isRequired","style-class":"styleClass","custom-validations":"customValidations","validation-panel-display":"extraSettings.validationPanelDisplay","label":"label","label_en_us":"i18n.en_us.label","label_it_it":"i18n.it_it.label","label_es_es":"i18n.es_es.label","label_fr_fr":"i18n.fr_fr.label","label_de_de":"i18n.de_de.label","label_i18n-key":"label","id":"id","modelevents":"modelEvents","validation-regexp":"validationRegExp","validation-regexp-error-msg":"validationRegExpErrorMessage","validation-regexp-error-msg_en_us":"i18n.en_us.validationRegExpErrorMessage","validation-regexp-error-msg_it_it":"i18n.it_it.validationRegExpErrorMessage","validation-regexp-error-msg_es_es":"i18n.es_es.validationRegExpErrorMessage","validation-regexp-error-msg_fr_fr":"i18n.fr_fr.validationRegExpErrorMessage","validation-regexp-error-msg_de_de":"i18n.de_de.validationRegExpErrorMessage","validation-regexp-error-msg_i18n-key":"validationRegExpErrorMessage","validation-mask":"validationMask","validation-mask-error-msg":"validationMaskErrorMessage","validation-mask-error-msg_en_us":"i18n.en_us.validationMaskErrorMessage","validation-mask-error-msg_it_it":"i18n.it_it.validationMaskErrorMessage","validation-mask-error-msg_es_es":"i18n.es_es.validationMaskErrorMessage","validation-mask-error-msg_fr_fr":"i18n.fr_fr.validationMaskErrorMessage","validation-mask-error-msg_de_de":"i18n.de_de.validationMaskErrorMessage","validation-mask-error-msg_i18n-key":"validationMaskErrorMessage"},"pathMappingProperties":{},"xmlProperties":["min-length","min-length-run","min-length-error-msg","min-length-error-msg_en_us","min-length-error-msg_it_it","min-length-error-msg_es_es","min-length-error-msg_fr_fr","min-length-error-msg_de_de","min-length-error-msg_i18n-key","validation-regexp","validation-regexp-error-msg","validation-regexp-error-msg_en_us","validation-regexp-error-msg_it_it","validation-regexp-error-msg_es_es","validation-regexp-error-msg_fr_fr","validation-regexp-error-msg_de_de","validation-regexp-error-msg_i18n-key","validation-mask","validation-mask-error-msg","validation-mask-error-msg_en_us","validation-mask-error-msg_it_it","validation-mask-error-msg_es_es","validation-mask-error-msg_fr_fr","validation-mask-error-msg_de_de","validation-mask-error-msg_i18n-key"],"childShapes":[],"bounds":{"lowerRight":{"x":231.90000000000003,"y":73},"upperLeft":{"x":15,"y":25}},"outputmappingproperties":{"custom-validations":{"type":"formlist","placeholders":[]},"modelevents":{"type":"formlist","placeholders":[]}},"properties":{"stencilid":"cloud-text","stencilsuperid":"base-text","stencilsuperids":["base-text"],"customstencil":false,"bordercolor":"#000000","notes":"","min-length":"","min-length-run":"","min-length-error-msg":"","min-length-error-msg_en_us":"","min-length-error-msg_it_it":"","min-length-error-msg_es_es":"","min-length-error-msg_fr_fr":"","min-length-error-msg_de_de":"","min-length-error-msg_i18n-key":"","max-length":"","max-length-run":"","max-length-error-msg":"","max-length-error-msg_en_us":"","max-length-error-msg_it_it":"","max-length-error-msg_es_es":"","max-length-error-msg_fr_fr":"","max-length-error-msg_de_de":"","max-length-error-msg_i18n-key":"","placeholder":"","placeholder_en_us":"","placeholder_it_it":"","placeholder_es_es":"","placeholder_fr_fr":"","placeholder_de_de":"","placeholder_i18n-key":"","label-position":"top","tooltip":"","tooltip_en_us":"","tooltip_it_it":"","tooltip_es_es":"","tooltip_fr_fr":"","tooltip_de_de":"","tooltip_i18n-key":"","value":"{{L2_Entity_Nm}}","default-value":"","description":"","description_en_us":"","description_it_it":"","description_es_es":"","description_fr_fr":"","description_de_de":"","description_i18n-key":"","col-span":"1","ignored":false,"ignored-run":"","visible":true,"visible-run":"","enabled":true,"enabled-run":"","required":false,"required-run":"","style-class":"","documentation":"","custom-validations":"","validation-panel-display":"show","label":"L2 Entity Name","label_en_us":"L2 Entity Name","label_it_it":"","label_es_es":"","label_fr_fr":"","label_de_de":"","label_i18n-key":"","id":"text1","width":"200","height":"","col":1,"col-align":"fill","col-weight":"","row":1,"row-align":"top","row-weight":"","size":3,"description-position":"bottom","description-align":"left","node-type":"","modelevents":"","validation-regexp":"","validation-regexp-error-msg":"","validation-regexp-error-msg_en_us":"","validation-regexp-error-msg_it_it":"","validation-regexp-error-msg_es_es":"","validation-regexp-error-msg_fr_fr":"","validation-regexp-error-msg_de_de":"","validation-regexp-error-msg_i18n-key":"","validation-mask":"","validation-mask-error-msg":"","validation-mask-error-msg_en_us":"","validation-mask-error-msg_it_it":"","validation-mask-error-msg_es_es":"","validation-mask-error-msg_fr_fr":"","validation-mask-error-msg_de_de":"","validation-mask-error-msg_i18n-key":"","xmlTag":"text"},"ssextensions":[],"outgoing":[],"dockers":[],"labels":[{"styles":{"fill":"#000000","size":"12","italic":false,"bold":false},"ref":"label_text"},{"styles":{"fill":"#000000","size":"12","italic":false,"bold":false},"ref":"input_text"},{"styles":{"fill":"#000000","size":"12","italic":false,"bold":false},"ref":"desc_text"}]},{"resourceId":"checkbox1","stencil":{"id":"base-checkbox"},"pathProperties":{"placeholder":"placeholder","placeholder_en_us":"i18n.en_us.placeholder","placeholder_it_it":"i18n.it_it.placeholder","placeholder_es_es":"i18n.es_es.placeholder","placeholder_fr_fr":"i18n.fr_fr.placeholder","placeholder_de_de":"i18n.de_de.placeholder","placeholder_i18n-key":"placeholder","label-position":"checkboxLabelAlign","tooltip":"tooltip","tooltip_en_us":"i18n.en_us.tooltip","tooltip_it_it":"i18n.it_it.tooltip","tooltip_es_es":"i18n.es_es.tooltip","tooltip_fr_fr":"i18n.fr_fr.tooltip","tooltip_de_de":"i18n.de_de.tooltip","tooltip_i18n-key":"tooltip","value":"value","default-value":"defaultValue","description":"description","description_en_us":"i18n.en_us.description","description_it_it":"i18n.it_it.description","description_es_es":"i18n.es_es.description","description_fr_fr":"i18n.fr_fr.description","description_de_de":"i18n.de_de.description","description_i18n-key":"description","col-span":"size","ignored":"ignore","ignored-run":"ignore","visible":"visible","visible-run":"visible","enabled":"enabled","enabled-run":"enabled","required":"isRequired","required-run":"isRequired","style-class":"styleClass","custom-validations":"customValidations","validation-panel-display":"extraSettings.validationPanelDisplay","label":"label","label_en_us":"i18n.en_us.label","label_it_it":"i18n.it_it.label","label_es_es":"i18n.es_es.label","label_fr_fr":"i18n.fr_fr.label","label_de_de":"i18n.de_de.label","label_i18n-key":"label","id":"id","node-type":"type","modelevents":"modelEvents","default-value-run":"defaultValue"},"pathMappingProperties":{},"xmlProperties":[],"childShapes":[],"bounds":{"lowerRight":{"x":773,"y":51},"upperLeft":{"x":710.7,"y":25}},"outputmappingproperties":{"custom-validations":{"type":"formlist","placeholders":[]},"modelevents":{"type":"formlist","placeholders":[]}},"properties":{"stencilid":"cloud-checkbox","stencilsuperid":"base-checkbox","stencilsuperids":["base-checkbox"],"customstencil":false,"bordercolor":"#000000","notes":"","placeholder":"","placeholder_en_us":"","placeholder_it_it":"","placeholder_es_es":"","placeholder_fr_fr":"","placeholder_de_de":"","placeholder_i18n-key":"","label-position":"right","tooltip":"","tooltip_en_us":"","tooltip_it_it":"","tooltip_es_es":"","tooltip_fr_fr":"","tooltip_de_de":"","tooltip_i18n-key":"","value":"{{visibility}}","default-value":false,"description":"","description_en_us":"","description_it_it":"","description_es_es":"","description_fr_fr":"","description_de_de":"","description_i18n-key":"","col-span":"1","ignored":false,"ignored-run":"","visible":true,"visible-run":"","enabled":true,"enabled-run":"","required":false,"required-run":"","style-class":"","documentation":"","custom-validations":"","validation-panel-display":"show","label":"Visibility","label_en_us":"Visibility","label_it_it":"","label_es_es":"","label_fr_fr":"","label_de_de":"","label_i18n-key":"","id":"checkbox1","width":"200","height":"","col":10,"col-align":"fill","col-weight":"","row":1,"row-align":"top","row-weight":"","size":1,"description-position":"bottom","description-align":"left","node-type":"boolean","modelevents":"","default-value-run":"","xmlTag":"boolean"},"ssextensions":[],"outgoing":[],"dockers":[],"labels":[{"styles":{"fill":"#000000","size":"12","italic":false,"bold":false},"ref":"label_text"},{"styles":{"fill":"#000000","size":"12","italic":false,"bold":false},"ref":"input_text"},{"styles":{"fill":"#000000","size":"12","italic":false,"bold":false},"ref":"input_dependent_text"},{"styles":{"fill":"#000000","size":"12","italic":false,"bold":false},"ref":"desc_text"}]},{"resourceId":"text2","stencil":{"id":"base-text"},"pathProperties":{"min-length":"extraSettings.minLength","min-length-run":"extraSettings.minLength","min-length-error-msg":"minLengthErrorMessage","min-length-error-msg_en_us":"i18n.en_us.minLengthErrorMessage","min-length-error-msg_it_it":"i18n.it_it.minLengthErrorMessage","min-length-error-msg_es_es":"i18n.es_es.minLengthErrorMessage","min-length-error-msg_fr_fr":"i18n.fr_fr.minLengthErrorMessage","min-length-error-msg_de_de":"i18n.de_de.minLengthErrorMessage","min-length-error-msg_i18n-key":"minLengthErrorMessage","max-length":"extraSettings.maxLength","max-length-run":"extraSettings.maxLength","max-length-error-msg":"maxLengthErrorMessage","max-length-error-msg_en_us":"i18n.en_us.maxLengthErrorMessage","max-length-error-msg_it_it":"i18n.it_it.maxLengthErrorMessage","max-length-error-msg_es_es":"i18n.es_es.maxLengthErrorMessage","max-length-error-msg_fr_fr":"i18n.fr_fr.maxLengthErrorMessage","max-length-error-msg_de_de":"i18n.de_de.maxLengthErrorMessage","max-length-error-msg_i18n-key":"maxLengthErrorMessage","placeholder":"placeholder","placeholder_en_us":"i18n.en_us.placeholder","placeholder_it_it":"i18n.it_it.placeholder","placeholder_es_es":"i18n.es_es.placeholder","placeholder_fr_fr":"i18n.fr_fr.placeholder","placeholder_de_de":"i18n.de_de.placeholder","placeholder_i18n-key":"placeholder","label-position":"labelAlign","tooltip":"tooltip","tooltip_en_us":"i18n.en_us.tooltip","tooltip_it_it":"i18n.it_it.tooltip","tooltip_es_es":"i18n.es_es.tooltip","tooltip_fr_fr":"i18n.fr_fr.tooltip","tooltip_de_de":"i18n.de_de.tooltip","tooltip_i18n-key":"tooltip","value":"value","default-value":"defaultValue","description":"description","description_en_us":"i18n.en_us.description","description_it_it":"i18n.it_it.description","description_es_es":"i18n.es_es.description","description_fr_fr":"i18n.fr_fr.description","description_de_de":"i18n.de_de.description","description_i18n-key":"description","col-span":"size","ignored":"ignore","ignored-run":"ignore","visible":"visible","visible-run":"visible","enabled":"enabled","enabled-run":"enabled","required":"isRequired","required-run":"isRequired","style-class":"styleClass","custom-validations":"customValidations","validation-panel-display":"extraSettings.validationPanelDisplay","label":"label","label_en_us":"i18n.en_us.label","label_it_it":"i18n.it_it.label","label_es_es":"i18n.es_es.label","label_fr_fr":"i18n.fr_fr.label","label_de_de":"i18n.de_de.label","label_i18n-key":"label","id":"id","modelevents":"modelEvents","validation-regexp":"validationRegExp","validation-regexp-error-msg":"validationRegExpErrorMessage","validation-regexp-error-msg_en_us":"i18n.en_us.validationRegExpErrorMessage","validation-regexp-error-msg_it_it":"i18n.it_it.validationRegExpErrorMessage","validation-regexp-error-msg_es_es":"i18n.es_es.validationRegExpErrorMessage","validation-regexp-error-msg_fr_fr":"i18n.fr_fr.validationRegExpErrorMessage","validation-regexp-error-msg_de_de":"i18n.de_de.validationRegExpErrorMessage","validation-regexp-error-msg_i18n-key":"validationRegExpErrorMessage","validation-mask":"validationMask","validation-mask-error-msg":"validationMaskErrorMessage","validation-mask-error-msg_en_us":"i18n.en_us.validationMaskErrorMessage","validation-mask-error-msg_it_it":"i18n.it_it.validationMaskErrorMessage","validation-mask-error-msg_es_es":"i18n.es_es.validationMaskErrorMessage","validation-mask-error-msg_fr_fr":"i18n.fr_fr.validationMaskErrorMessage","validation-mask-error-msg_de_de":"i18n.de_de.validationMaskErrorMessage","validation-mask-error-msg_i18n-key":"validationMaskErrorMessage"},"pathMappingProperties":{},"xmlProperties":["min-length","min-length-run","min-length-error-msg","min-length-error-msg_en_us","min-length-error-msg_it_it","min-length-error-msg_es_es","min-length-error-msg_fr_fr","min-length-error-msg_de_de","min-length-error-msg_i18n-key","validation-regexp","validation-regexp-error-msg","validation-regexp-error-msg_en_us","validation-regexp-error-msg_it_it","validation-regexp-error-msg_es_es","validation-regexp-error-msg_fr_fr","validation-regexp-error-msg_de_de","validation-regexp-error-msg_i18n-key","validation-mask","validation-mask-error-msg","validation-mask-error-msg_en_us","validation-mask-error-msg_it_it","validation-mask-error-msg_es_es","validation-mask-error-msg_fr_fr","validation-mask-error-msg_de_de","validation-mask-error-msg_i18n-key"],"childShapes":[],"bounds":{"lowerRight":{"x":463.80000000000007,"y":73},"upperLeft":{"x":246.90000000000003,"y":25}},"outputmappingproperties":{"custom-validations":{"type":"formlist","placeholders":[]},"modelevents":{"type":"formlist","placeholders":[]}},"properties":{"stencilid":"cloud-text","stencilsuperid":"base-text","stencilsuperids":["base-text"],"customstencil":false,"bordercolor":"#000000","notes":"","min-length":"","min-length-run":"","min-length-error-msg":"","min-length-error-msg_en_us":"","min-length-error-msg_it_it":"","min-length-error-msg_es_es":"","min-length-error-msg_fr_fr":"","min-length-error-msg_de_de":"","min-length-error-msg_i18n-key":"","max-length":"","max-length-run":"","max-length-error-msg":"","max-length-error-msg_en_us":"","max-length-error-msg_it_it":"","max-length-error-msg_es_es":"","max-length-error-msg_fr_fr":"","max-length-error-msg_de_de":"","max-length-error-msg_i18n-key":"","placeholder":"","placeholder_en_us":"","placeholder_it_it":"","placeholder_es_es":"","placeholder_fr_fr":"","placeholder_de_de":"","placeholder_i18n-key":"","label-position":"top","tooltip":"","tooltip_en_us":"","tooltip_it_it":"","tooltip_es_es":"","tooltip_fr_fr":"","tooltip_de_de":"","tooltip_i18n-key":"","value":"{{Uit_Triage_Team}}","default-value":"","description":"","description_en_us":"","description_it_it":"","description_es_es":"","description_fr_fr":"","description_de_de":"","description_i18n-key":"","col-span":"1","ignored":false,"ignored-run":"","visible":true,"visible-run":"","enabled":true,"enabled-run":"","required":false,"required-run":"","style-class":"","documentation":"","custom-validations":"","validation-panel-display":"show","label":"UIT Triage Team","label_en_us":"UIT Triage Team","label_it_it":"","label_es_es":"","label_fr_fr":"","label_de_de":"","label_i18n-key":"","id":"text2","width":"200","height":"","col":4,"col-align":"fill","col-weight":"","row":1,"row-align":"top","row-weight":"","size":3,"description-position":"bottom","description-align":"left","node-type":"","modelevents":"","validation-regexp":"","validation-regexp-error-msg":"","validation-regexp-error-msg_en_us":"","validation-regexp-error-msg_it_it":"","validation-regexp-error-msg_es_es":"","validation-regexp-error-msg_fr_fr":"","validation-regexp-error-msg_de_de":"","validation-regexp-error-msg_i18n-key":"","validation-mask":"","validation-mask-error-msg":"","validation-mask-error-msg_en_us":"","validation-mask-error-msg_it_it":"","validation-mask-error-msg_es_es":"","validation-mask-error-msg_fr_fr":"","validation-mask-error-msg_de_de":"","validation-mask-error-msg_i18n-key":"","xmlTag":"text"},"ssextensions":[],"outgoing":[],"dockers":[],"labels":[{"styles":{"fill":"#000000","size":"12","italic":false,"bold":false},"ref":"label_text"},{"styles":{"fill":"#000000","size":"12","italic":false,"bold":false},"ref":"input_text"},{"styles":{"fill":"#000000","size":"12","italic":false,"bold":false},"ref":"desc_text"}]},{"resourceId":"text3","stencil":{"id":"base-text"},"pathProperties":{"min-length":"extraSettings.minLength","min-length-run":"extraSettings.minLength","min-length-error-msg":"minLengthErrorMessage","min-length-error-msg_en_us":"i18n.en_us.minLengthErrorMessage","min-length-error-msg_it_it":"i18n.it_it.minLengthErrorMessage","min-length-error-msg_es_es":"i18n.es_es.minLengthErrorMessage","min-length-error-msg_fr_fr":"i18n.fr_fr.minLengthErrorMessage","min-length-error-msg_de_de":"i18n.de_de.minLengthErrorMessage","min-length-error-msg_i18n-key":"minLengthErrorMessage","max-length":"extraSettings.maxLength","max-length-run":"extraSettings.maxLength","max-length-error-msg":"maxLengthErrorMessage","max-length-error-msg_en_us":"i18n.en_us.maxLengthErrorMessage","max-length-error-msg_it_it":"i18n.it_it.maxLengthErrorMessage","max-length-error-msg_es_es":"i18n.es_es.maxLengthErrorMessage","max-length-error-msg_fr_fr":"i18n.fr_fr.maxLengthErrorMessage","max-length-error-msg_de_de":"i18n.de_de.maxLengthErrorMessage","max-length-error-msg_i18n-key":"maxLengthErrorMessage","placeholder":"placeholder","placeholder_en_us":"i18n.en_us.placeholder","placeholder_it_it":"i18n.it_it.placeholder","placeholder_es_es":"i18n.es_es.placeholder","placeholder_fr_fr":"i18n.fr_fr.placeholder","placeholder_de_de":"i18n.de_de.placeholder","placeholder_i18n-key":"placeholder","label-position":"labelAlign","tooltip":"tooltip","tooltip_en_us":"i18n.en_us.tooltip","tooltip_it_it":"i18n.it_it.tooltip","tooltip_es_es":"i18n.es_es.tooltip","tooltip_fr_fr":"i18n.fr_fr.tooltip","tooltip_de_de":"i18n.de_de.tooltip","tooltip_i18n-key":"tooltip","value":"value","default-value":"defaultValue","description":"description","description_en_us":"i18n.en_us.description","description_it_it":"i18n.it_it.description","description_es_es":"i18n.es_es.description","description_fr_fr":"i18n.fr_fr.description","description_de_de":"i18n.de_de.description","description_i18n-key":"description","col-span":"size","ignored":"ignore","ignored-run":"ignore","visible":"visible","visible-run":"visible","enabled":"enabled","enabled-run":"enabled","required":"isRequired","required-run":"isRequired","style-class":"styleClass","custom-validations":"customValidations","validation-panel-display":"extraSettings.validationPanelDisplay","label":"label","label_en_us":"i18n.en_us.label","label_it_it":"i18n.it_it.label","label_es_es":"i18n.es_es.label","label_fr_fr":"i18n.fr_fr.label","label_de_de":"i18n.de_de.label","label_i18n-key":"label","id":"id","modelevents":"modelEvents","validation-regexp":"validationRegExp","validation-regexp-error-msg":"validationRegExpErrorMessage","validation-regexp-error-msg_en_us":"i18n.en_us.validationRegExpErrorMessage","validation-regexp-error-msg_it_it":"i18n.it_it.validationRegExpErrorMessage","validation-regexp-error-msg_es_es":"i18n.es_es.validationRegExpErrorMessage","validation-regexp-error-msg_fr_fr":"i18n.fr_fr.validationRegExpErrorMessage","validation-regexp-error-msg_de_de":"i18n.de_de.validationRegExpErrorMessage","validation-regexp-error-msg_i18n-key":"validationRegExpErrorMessage","validation-mask":"validationMask","validation-mask-error-msg":"validationMaskErrorMessage","validation-mask-error-msg_en_us":"i18n.en_us.validationMaskErrorMessage","validation-mask-error-msg_it_it":"i18n.it_it.validationMaskErrorMessage","validation-mask-error-msg_es_es":"i18n.es_es.validationMaskErrorMessage","validation-mask-error-msg_fr_fr":"i18n.fr_fr.validationMaskErrorMessage","validation-mask-error-msg_de_de":"i18n.de_de.validationMaskErrorMessage","validation-mask-error-msg_i18n-key":"validationMaskErrorMessage"},"pathMappingProperties":{},"xmlProperties":["min-length","min-length-run","min-length-error-msg","min-length-error-msg_en_us","min-length-error-msg_it_it","min-length-error-msg_es_es","min-length-error-msg_fr_fr","min-length-error-msg_de_de","min-length-error-msg_i18n-key","validation-regexp","validation-regexp-error-msg","validation-regexp-error-msg_en_us","validation-regexp-error-msg_it_it","validation-regexp-error-msg_es_es","validation-regexp-error-msg_fr_fr","validation-regexp-error-msg_de_de","validation-regexp-error-msg_i18n-key","validation-mask","validation-mask-error-msg","validation-mask-error-msg_en_us","validation-mask-error-msg_it_it","validation-mask-error-msg_es_es","validation-mask-error-msg_fr_fr","validation-mask-error-msg_de_de","validation-mask-error-msg_i18n-key"],"childShapes":[],"bounds":{"lowerRight":{"x":695.7,"y":73},"upperLeft":{"x":478.80000000000007,"y":25}},"outputmappingproperties":{"custom-validations":{"type":"formlist","placeholders":[]},"modelevents":{"type":"formlist","placeholders":[]}},"properties":{"stencilid":"cloud-text","stencilsuperid":"base-text","stencilsuperids":["base-text"],"customstencil":false,"bordercolor":"#000000","notes":"","min-length":"","min-length-run":"","min-length-error-msg":"","min-length-error-msg_en_us":"","min-length-error-msg_it_it":"","min-length-error-msg_es_es":"","min-length-error-msg_fr_fr":"","min-length-error-msg_de_de":"","min-length-error-msg_i18n-key":"","max-length":"","max-length-run":"","max-length-error-msg":"","max-length-error-msg_en_us":"","max-length-error-msg_it_it":"","max-length-error-msg_es_es":"","max-length-error-msg_fr_fr":"","max-length-error-msg_de_de":"","max-length-error-msg_i18n-key":"","placeholder":"","placeholder_en_us":"","placeholder_it_it":"","placeholder_es_es":"","placeholder_fr_fr":"","placeholder_de_de":"","placeholder_i18n-key":"","label-position":"top","tooltip":"","tooltip_en_us":"","tooltip_it_it":"","tooltip_es_es":"","tooltip_fr_fr":"","tooltip_de_de":"","tooltip_i18n-key":"","value":"{{Faculty_Support}}","default-value":"","description":"","description_en_us":"","description_it_it":"","description_es_es":"","description_fr_fr":"","description_de_de":"","description_i18n-key":"","col-span":"1","ignored":false,"ignored-run":"","visible":true,"visible-run":"","enabled":true,"enabled-run":"","required":false,"required-run":"","style-class":"","documentation":"","custom-validations":"","validation-panel-display":"show","label":"Faculty Support","label_en_us":"Faculty Support","label_it_it":"","label_es_es":"","label_fr_fr":"","label_de_de":"","label_i18n-key":"","id":"text3","width":"200","height":"","col":7,"col-align":"fill","col-weight":"","row":1,"row-align":"top","row-weight":"","size":3,"description-position":"bottom","description-align":"left","node-type":"","modelevents":"","validation-regexp":"","validation-regexp-error-msg":"","validation-regexp-error-msg_en_us":"","validation-regexp-error-msg_it_it":"","validation-regexp-error-msg_es_es":"","validation-regexp-error-msg_fr_fr":"","validation-regexp-error-msg_de_de":"","validation-regexp-error-msg_i18n-key":"","validation-mask":"","validation-mask-error-msg":"","validation-mask-error-msg_en_us":"","validation-mask-error-msg_it_it":"","validation-mask-error-msg_es_es":"","validation-mask-error-msg_fr_fr":"","validation-mask-error-msg_de_de":"","validation-mask-error-msg_i18n-key":"","xmlTag":"text"},"ssextensions":[],"outgoing":[],"dockers":[],"labels":[{"styles":{"fill":"#000000","size":"12","italic":false,"bold":false},"ref":"label_text"},{"styles":{"fill":"#000000","size":"12","italic":false,"bold":false},"ref":"input_text"},{"styles":{"fill":"#000000","size":"12","italic":false,"bold":false},"ref":"desc_text"}]},{"resourceId":"text6","stencil":{"id":"base-text"},"pathProperties":{"min-length":"extraSettings.minLength","min-length-run":"extraSettings.minLength","min-length-error-msg":"minLengthErrorMessage","min-length-error-msg_en_us":"i18n.en_us.minLengthErrorMessage","min-length-error-msg_it_it":"i18n.it_it.minLengthErrorMessage","min-length-error-msg_es_es":"i18n.es_es.minLengthErrorMessage","min-length-error-msg_fr_fr":"i18n.fr_fr.minLengthErrorMessage","min-length-error-msg_de_de":"i18n.de_de.minLengthErrorMessage","min-length-error-msg_i18n-key":"minLengthErrorMessage","max-length":"extraSettings.maxLength","max-length-run":"extraSettings.maxLength","max-length-error-msg":"maxLengthErrorMessage","max-length-error-msg_en_us":"i18n.en_us.maxLengthErrorMessage","max-length-error-msg_it_it":"i18n.it_it.maxLengthErrorMessage","max-length-error-msg_es_es":"i18n.es_es.maxLengthErrorMessage","max-length-error-msg_fr_fr":"i18n.fr_fr.maxLengthErrorMessage","max-length-error-msg_de_de":"i18n.de_de.maxLengthErrorMessage","max-length-error-msg_i18n-key":"maxLengthErrorMessage","placeholder":"placeholder","placeholder_en_us":"i18n.en_us.placeholder","placeholder_it_it":"i18n.it_it.placeholder","placeholder_es_es":"i18n.es_es.placeholder","placeholder_fr_fr":"i18n.fr_fr.placeholder","placeholder_de_de":"i18n.de_de.placeholder","placeholder_i18n-key":"placeholder","label-position":"labelAlign","tooltip":"tooltip","tooltip_en_us":"i18n.en_us.tooltip","tooltip_it_it":"i18n.it_it.tooltip","tooltip_es_es":"i18n.es_es.tooltip","tooltip_fr_fr":"i18n.fr_fr.tooltip","tooltip_de_de":"i18n.de_de.tooltip","tooltip_i18n-key":"tooltip","value":"value","default-value":"defaultValue","description":"description","description_en_us":"i18n.en_us.description","description_it_it":"i18n.it_it.description","description_es_es":"i18n.es_es.description","description_fr_fr":"i18n.fr_fr.description","description_de_de":"i18n.de_de.description","description_i18n-key":"description","col-span":"size","ignored":"ignore","ignored-run":"ignore","visible":"visible","visible-run":"visible","enabled":"enabled","enabled-run":"enabled","required":"isRequired","required-run":"isRequired","style-class":"styleClass","custom-validations":"customValidations","validation-panel-display":"extraSettings.validationPanelDisplay","label":"label","label_en_us":"i18n.en_us.label","label_it_it":"i18n.it_it.label","label_es_es":"i18n.es_es.label","label_fr_fr":"i18n.fr_fr.label","label_de_de":"i18n.de_de.label","label_i18n-key":"label","id":"id","modelevents":"modelEvents","validation-regexp":"validationRegExp","validation-regexp-error-msg":"validationRegExpErrorMessage","validation-regexp-error-msg_en_us":"i18n.en_us.validationRegExpErrorMessage","validation-regexp-error-msg_it_it":"i18n.it_it.validationRegExpErrorMessage","validation-regexp-error-msg_es_es":"i18n.es_es.validationRegExpErrorMessage","validation-regexp-error-msg_fr_fr":"i18n.fr_fr.validationRegExpErrorMessage","validation-regexp-error-msg_de_de":"i18n.de_de.validationRegExpErrorMessage","validation-regexp-error-msg_i18n-key":"validationRegExpErrorMessage","validation-mask":"validationMask","validation-mask-error-msg":"validationMaskErrorMessage","validation-mask-error-msg_en_us":"i18n.en_us.validationMaskErrorMessage","validation-mask-error-msg_it_it":"i18n.it_it.validationMaskErrorMessage","validation-mask-error-msg_es_es":"i18n.es_es.validationMaskErrorMessage","validation-mask-error-msg_fr_fr":"i18n.fr_fr.validationMaskErrorMessage","validation-mask-error-msg_de_de":"i18n.de_de.validationMaskErrorMessage","validation-mask-error-msg_i18n-key":"validationMaskErrorMessage"},"pathMappingProperties":{},"xmlProperties":["min-length","min-length-run","min-length-error-msg","min-length-error-msg_en_us","min-length-error-msg_it_it","min-length-error-msg_es_es","min-length-error-msg_fr_fr","min-length-error-msg_de_de","min-length-error-msg_i18n-key","validation-regexp","validation-regexp-error-msg","validation-regexp-error-msg_en_us","validation-regexp-error-msg_it_it","validation-regexp-error-msg_es_es","validation-regexp-error-msg_fr_fr","validation-regexp-error-msg_de_de","validation-regexp-error-msg_i18n-key","validation-mask","validation-mask-error-msg","validation-mask-error-msg_en_us","validation-mask-error-msg_it_it","validation-mask-error-msg_es_es","validation-mask-error-msg_fr_fr","validation-mask-error-msg_de_de","validation-mask-error-msg_i18n-key"],"childShapes":[],"bounds":{"lowerRight":{"x":927.6000000000001,"y":97},"upperLeft":{"x":788.0000000000001,"y":25}},"outputmappingproperties":{"custom-validations":{"type":"formlist","placeholders":[]},"modelevents":{"type":"formlist","placeholders":[]}},"properties":{"stencilid":"cloud-text","stencilsuperid":"base-text","stencilsuperids":["base-text"],"customstencil":false,"bordercolor":"#000000","notes":"","min-length":"","min-length-run":"","min-length-error-msg":"","min-length-error-msg_en_us":"","min-length-error-msg_it_it":"","min-length-error-msg_es_es":"","min-length-error-msg_fr_fr":"","min-length-error-msg_de_de":"","min-length-error-msg_i18n-key":"","max-length":"","max-length-run":"","max-length-error-msg":"","max-length-error-msg_en_us":"","max-length-error-msg_it_it":"","max-length-error-msg_es_es":"","max-length-error-msg_fr_fr":"","max-length-error-msg_de_de":"","max-length-error-msg_i18n-key":"","placeholder":"","placeholder_en_us":"","placeholder_it_it":"","placeholder_es_es":"","placeholder_fr_fr":"","placeholder_de_de":"","placeholder_i18n-key":"","label-position":"top","tooltip":"","tooltip_en_us":"","tooltip_it_it":"","tooltip_es_es":"","tooltip_fr_fr":"","tooltip_de_de":"","tooltip_i18n-key":"","value":"{{hasReference}}","default-value":"false","description":"When adding new make delete button visible","description_en_us":"When adding new make delete button visible","description_it_it":"","description_es_es":"","description_fr_fr":"","description_de_de":"","description_i18n-key":"","col-span":"1","ignored":"","ignored-run":"","visible":false,"visible-run":"","enabled":true,"enabled-run":"","required":false,"required-run":"","style-class":"","documentation":"","custom-validations":"","validation-panel-display":"show","label":"default hasReference","label_en_us":"default hasReference","label_it_it":"","label_es_es":"","label_fr_fr":"","label_de_de":"","label_i18n-key":"","id":"text6","width":"200","height":"","col":11,"col-align":"fill","col-weight":"","row":1,"row-align":"top","row-weight":"","size":2,"description-position":"bottom","description-align":"left","node-type":"","modelevents":"","validation-regexp":"","validation-regexp-error-msg":"","validation-regexp-error-msg_en_us":"","validation-regexp-error-msg_it_it":"","validation-regexp-error-msg_es_es":"","validation-regexp-error-msg_fr_fr":"","validation-regexp-error-msg_de_de":"","validation-regexp-error-msg_i18n-key":"","validation-mask":"","validation-mask-error-msg":"","validation-mask-error-msg_en_us":"","validation-mask-error-msg_it_it":"","validation-mask-error-msg_es_es":"","validation-mask-error-msg_fr_fr":"","validation-mask-error-msg_de_de":"","validation-mask-error-msg_i18n-key":"","xmlTag":"text"},"ssextensions":[],"outgoing":[],"dockers":[],"labels":[{"styles":{"fill":"#000000","size":"12","italic":false,"bold":false},"ref":"label_text"},{"styles":{"fill":"#000000","size":"12","italic":false,"bold":false},"ref":"input_text"},{"styles":{"fill":"#000000","size":"12","italic":false,"bold":false},"ref":"desc_text"}]}],"bounds":{"lowerRight":{"x":957.6000000000001,"y":171},"upperLeft":{"x":15,"y":49}},"outputmappingproperties":{"custom-validations":{"type":"formlist","placeholders":[]},"modelevents":{"type":"formlist","placeholders":[]}},"properties":{"stencilid":"cloud-sub-panel","stencilsuperid":"SubSlotPanel","stencilsuperids":["SubSlotPanel"],"customstencil":false,"label":"","label_en_us":"","label_it_it":"","label_es_es":"","label_fr_fr":"","label_de_de":"","label_i18n-key":"","notes":"","label-position":"top","tooltip":"","tooltip_en_us":"","tooltip_it_it":"","tooltip_es_es":"","tooltip_fr_fr":"","tooltip_de_de":"","tooltip_i18n-key":"","value":"","default-value":"","description":"","description_en_us":"","description_it_it":"","description_es_es":"","description_fr_fr":"","description_de_de":"","description_i18n-key":"","col-span":"1","ignored":false,"ignored-run":"","visible":true,"visible-run":"","enabled":true,"enabled-run":"","required":false,"required-run":"","style-class":"","documentation":"","custom-validations":"","validation-panel-display":"show","id":"sub-panel3","width":41.30000000000001,"height":"","col":1,"col-align":"fill","col-weight":"","row":1,"row-align":"top","row-weight":"","size":12,"description-position":"bottom","description-align":"left","node-type":"","modelevents":"","options":"","modal-button-text":"","modal-button-text_en_us":"","modal-button-text_it_it":"","modal-button-text_es_es":"","modal-button-text_fr_fr":"","modal-button-text_de_de":"","modal-button-text_i18n-key":"","modal-open":"","collapsible":false,"collapsed":false,"collapsed-run":"","show-border":false,"modal-width":"","save-button-text":"","save-button-text_en_us":"","save-button-text_it_it":"","save-button-text_es_es":"","save-button-text_fr_fr":"","save-button-text_de_de":"","save-button-text_i18n-key":"","save-button-visible":true,"save-button-visible-run":"","save-button-enabled":true,"save-button-enabled-run":"","cancel-button-text":"","cancel-button-text_en_us":"","cancel-button-text_it_it":"","cancel-button-text_es_es":"","cancel-button-text_fr_fr":"","cancel-button-text_de_de":"","cancel-button-text_i18n-key":"","cancel-button-visible":true,"cancel-button-visible-run":"","cancel-button-enabled":true,"cancel-button-enabled-run":"","xmlTag":"panel"},"ssextensions":[],"outgoing":[],"dockers":[],"labels":[{"styles":{"fill":"#000000","size":"12","italic":false,"bold":false},"ref":"label_text"}]},{"resourceId":"rest-button1","stencil":{"id":"Button"},"pathProperties":{"label":"label","label_en_us":"i18n.en_us.label","label_it_it":"i18n.it_it.label","label_es_es":"i18n.es_es.label","label_fr_fr":"i18n.fr_fr.label","label_de_de":"i18n.de_de.label","label_i18n-key":"label","button-alignment":"extraSettings.alignment","button-alignment-run":"extraSettings.alignment","button-icon-url":"extraSettings.iconUrl","button-icon-property-name":"extraSettings.iconPropName","button-icon-alignment":"extraSettings.iconAlignment","button-tooltip":"extraSettings.tooltip","button-tooltip_en_us":"i18n.en_us.extraSettings.tooltip","button-tooltip_it_it":"i18n.it_it.extraSettings.tooltip","button-tooltip_es_es":"i18n.es_es.extraSettings.tooltip","button-tooltip_fr_fr":"i18n.fr_fr.extraSettings.tooltip","button-tooltip_de_de":"i18n.de_de.extraSettings.tooltip","button-tooltip_i18n-key":"extraSettings.tooltip","primary":"primary","primary-run":"primary","label-position":"labelAlign","tooltip":"tooltip","tooltip_en_us":"i18n.en_us.tooltip","tooltip_it_it":"i18n.it_it.tooltip","tooltip_es_es":"i18n.es_es.tooltip","tooltip_fr_fr":"i18n.fr_fr.tooltip","tooltip_de_de":"i18n.de_de.tooltip","tooltip_i18n-key":"tooltip","value":"value","default-value":"defaultValue","description":"description","description_en_us":"i18n.en_us.description","description_it_it":"i18n.it_it.description","description_es_es":"i18n.es_es.description","description_fr_fr":"i18n.fr_fr.description","description_de_de":"i18n.de_de.description","description_i18n-key":"description","col-span":"size","ignored":"ignore","ignored-run":"ignore","visible":"visible","visible-run":"visible","enabled":"enabled","enabled-run":"enabled","required":"isRequired","required-run":"isRequired","style-class":"styleClass","custom-validations":"customValidations","validation-panel-display":"extraSettings.validationPanelDisplay","id":"id","modelevents":"modelEvents","rest-button-text":"extraSettings.text","rest-button-text_en_us":"i18n.en_us.extraSettings.text","rest-button-text_it_it":"i18n.it_it.extraSettings.text","rest-button-text_es_es":"i18n.es_es.extraSettings.text","rest-button-text_fr_fr":"i18n.fr_fr.extraSettings.text","rest-button-text_de_de":"i18n.de_de.extraSettings.text","rest-button-text_i18n-key":"extraSettings.text","rest-button-method":"extraSettings.method","rest-button-url":"extraSettings.url","rest-button-path":"extraSettings.path","rest-button-value-expression":"extraSettings.valueExpression","rest-button-request-payload-mapping":"extraSettings.sendPayloadMapping","rest-button-header-property-mapping":"extraSettings.headerPropertyMapping","rest-button-response-payload-mapping":"extraSettings.responsePayloadMapping","rest-button-refresh-time":"extraSettings.refreshTime","rest-button-auto-execute":"extraSettings.autoExecute","rest-button-auto-execute-run":"extraSettings.autoExecute","rest-button-execute-always":"extraSettings.executeAlways","rest-button-show-loading":"extraSettings.showLoading","rest-button-show-loading-run":"extraSettings.showLoading"},"pathMappingProperties":{},"xmlProperties":[],"childShapes":[],"bounds":{"lowerRight":{"x":398.25,"y":220},"upperLeft":{"x":333.6,"y":196}},"outputmappingproperties":{"custom-validations":{"type":"formlist","placeholders":[]},"modelevents":{"type":"formlist","placeholders":[]},"rest-button-request-payload-mapping":{"type":"complex","placeholders":[]},"rest-button-header-property-mapping":{"type":"complex","placeholders":[]},"rest-button-response-payload-mapping":{"type":"complex","placeholders":[]}},"properties":{"stencilid":"cloud-rest-button","stencilsuperid":"Button","stencilsuperids":["Button"],"customstencil":false,"bordercolor":"#000000","notes":"","label":"","label_en_us":"","label_it_it":"","label_es_es":"","label_fr_fr":"","label_de_de":"","label_i18n-key":"","button-alignment":"left","button-alignment-run":"","button-icon-url":"","button-icon-property-name":"","button-icon-alignment":"right","button-tooltip":"","button-tooltip_en_us":"","button-tooltip_it_it":"","button-tooltip_es_es":"","button-tooltip_fr_fr":"","button-tooltip_de_de":"","button-tooltip_i18n-key":"","primary":false,"primary-run":"","label-position":"top","tooltip":"","tooltip_en_us":"","tooltip_it_it":"","tooltip_es_es":"","tooltip_fr_fr":"","tooltip_de_de":"","tooltip_i18n-key":"","value":"{{movedL2Result}}","default-value":"","description":"","description_en_us":"","description_it_it":"","description_es_es":"","description_fr_fr":"","description_de_de":"","description_i18n-key":"","col-span":"1","ignored":"","ignored-run":"","visible":true,"visible-run":"","enabled":"{{L1Entity!=null}}","enabled-run":"{{L1Entity!=null}}","required":false,"required-run":"","style-class":"","documentation":"","custom-validations":"","validation-panel-display":"show","id":"rest-button1","width":"200","height":"","col":5,"col-align":"fill","col-weight":"","row":2,"row-align":"top","row-weight":"","size":1,"description-position":"bottom","description-align":"left","node-type":"","modelevents":{"totalCount":1,"items":[{"eventType":"onValueChange","expression":"{{true}}","resultVariable":"$payload.$temp.autoExeStatus"}]},"rest-button-text":"Move To L1","rest-button-text_en_us":"Move To L1","rest-button-text_it_it":"","rest-button-text_es_es":"","rest-button-text_fr_fr":"","rest-button-text_de_de":"","rest-button-text_i18n-key":"","rest-button-method":"post","rest-button-url":"{{endpoints.dataobject}}/dataobject-runtime/data-object-instances?dataObjectDefinitionKey=uIT_111_DataObj_HEM_Entities&dataObjectOperationKey=moveL2Entity","rest-button-path":"responseMsg","rest-button-value-expression":"","rest-button-request-payload-mapping":{"totalCount":2,"items":[{"name":"l2_Entity_Id","expression":"{{L2_Entity_Id}}"},{"name":"l1_Entity_Id","expression":"{{L1Entity.L1_Entity_Id}}"}]},"rest-button-header-property-mapping":"","rest-button-response-payload-mapping":"","rest-button-refresh-time":"","rest-button-auto-execute":false,"rest-button-auto-execute-run":"","rest-button-execute-always":false,"rest-button-show-loading":true,"rest-button-show-loading-run":"","xmlTag":"restButton"},"ssextensions":[],"outgoing":[],"dockers":[],"labels":[{"styles":{"fill":"#000000","size":"12","italic":false,"bold":false},"ref":"label_text"},{"styles":{"fill":"#000000","size":"12","italic":false,"bold":false},"ref":"input_text"},{"styles":{"fill":"#000000","size":"12","italic":false,"bold":false},"ref":"desc_text"}]},{"resourceId":"single-select1","stencil":{"id":"base-single-select"},"pathProperties":{"tags-enabled":"extraSettings.tagsEnabled","preselect-all":"extraSettings.preselectAll","client-side-filtering":"extraSettings.clientSideFiltering","selection-error-msg":"extraSettings.selectionErrorMessage","selection-error-msg_en_us":"i18n.en_us.extraSettings.selectionErrorMessage","selection-error-msg_it_it":"i18n.it_it.extraSettings.selectionErrorMessage","selection-error-msg_es_es":"i18n.es_es.extraSettings.selectionErrorMessage","selection-error-msg_fr_fr":"i18n.fr_fr.extraSettings.selectionErrorMessage","selection-error-msg_de_de":"i18n.de_de.extraSettings.selectionErrorMessage","selection-error-msg_i18n-key":"extraSettings.selectionErrorMessage","min-error-msg":"extraSettings.minItemsErrorMessage","min-error-msg_en_us":"i18n.en_us.extraSettings.minItemsErrorMessage","min-error-msg_it_it":"i18n.it_it.extraSettings.minItemsErrorMessage","min-error-msg_es_es":"i18n.es_es.extraSettings.minItemsErrorMessage","min-error-msg_fr_fr":"i18n.fr_fr.extraSettings.minItemsErrorMessage","min-error-msg_de_de":"i18n.de_de.extraSettings.minItemsErrorMessage","min-error-msg_i18n-key":"extraSettings.minItemsErrorMessage","max-error-msg":"extraSettings.maxItemsErrorMessage","max-error-msg_en_us":"i18n.en_us.extraSettings.maxItemsErrorMessage","max-error-msg_it_it":"i18n.it_it.extraSettings.maxItemsErrorMessage","max-error-msg_es_es":"i18n.es_es.extraSettings.maxItemsErrorMessage","max-error-msg_fr_fr":"i18n.fr_fr.extraSettings.maxItemsErrorMessage","max-error-msg_de_de":"i18n.de_de.extraSettings.maxItemsErrorMessage","max-error-msg_i18n-key":"extraSettings.maxItemsErrorMessage","min-items":"extraSettings.minItems","min-items-run":"extraSettings.minItems","max-items":"extraSettings.maxItems","max-items-run":"extraSettings.maxItems","enable-autocomplete":"extraSettings.enableAutocomplete","autocomplete-min-length":"extraSettings.autocompleteMinLength","autocomplete-min-length-run":"extraSettings.autocompleteMinLength","placeholder":"placeholder","placeholder_en_us":"i18n.en_us.placeholder","placeholder_it_it":"i18n.it_it.placeholder","placeholder_es_es":"i18n.es_es.placeholder","placeholder_fr_fr":"i18n.fr_fr.placeholder","placeholder_de_de":"i18n.de_de.placeholder","placeholder_i18n-key":"placeholder","enabled":"enabled","enabled-run":"enabled","datasource":"extraSettings.dataSource","options":"extraSettings.items","options-run":"extraSettings.items","table-key":"extraSettings.tableKey","table-key-run":"extraSettings.tableKey","master-data-include-translations":"extraSettings.masterDataIncludeTranslations","query-url":"extraSettings.queryUrl","query-url-run":"extraSettings.queryUrl","lookup-url":"extraSettings.lookupUrl","lookup-url-run":"extraSettings.lookupUrl","query-params":"extraSettings.queryParams","path":"extraSettings.path","search-query":"extraSettings.searchQuery","link-target-view":"extraSettings.linkTargetView","format-item":"extraSettings.formatItem","auto-complete-type":"extraSettings.storage","serialize-item":"extraSettings.identity","serialize-item-master":"extraSettings.identity","serialize-item-full":"extraSettings.identity","link-item":"extraSettings.linkUrl","link-target":"extraSettings.linkTarget","label-position":"labelAlign","tooltip":"tooltip","tooltip_en_us":"i18n.en_us.tooltip","tooltip_it_it":"i18n.it_it.tooltip","tooltip_es_es":"i18n.es_es.tooltip","tooltip_fr_fr":"i18n.fr_fr.tooltip","tooltip_de_de":"i18n.de_de.tooltip","tooltip_i18n-key":"tooltip","value":"value","default-value":"defaultValue","description":"description","description_en_us":"i18n.en_us.description","description_it_it":"i18n.it_it.description","description_es_es":"i18n.es_es.description","description_fr_fr":"i18n.fr_fr.description","description_de_de":"i18n.de_de.description","description_i18n-key":"description","col-span":"size","ignored":"ignore","ignored-run":"ignore","visible":"visible","visible-run":"visible","required":"isRequired","required-run":"isRequired","style-class":"styleClass","custom-validations":"customValidations","validation-panel-display":"extraSettings.validationPanelDisplay","label":"label","label_en_us":"i18n.en_us.label","label_it_it":"i18n.it_it.label","label_es_es":"i18n.es_es.label","label_fr_fr":"i18n.fr_fr.label","label_de_de":"i18n.de_de.label","label_i18n-key":"label","id":"id","modelevents":"modelEvents","multi":"extraSettings.multi"},"pathMappingProperties":{"dataobjectselectsearch":{"operationKey":"extraSettings.dataObjectOperationKey","queryParams":"extraSettings.queryParams","lookupIdName":"extraSettings.identity","key":"extraSettings.dataObjectDefinitionKey"},"dataobjectselectsearch-run":{"operationKey":"extraSettings.dataObjectOperationKey","queryParams":"extraSettings.queryParams","lookupIdName":"extraSettings.identity","key":"extraSettings.dataObjectDefinitionKey"}},"xmlProperties":["tags-enabled","preselect-all","client-side-filtering","table-key","table-key-run","query-url","query-url-run","lookup-url","lookup-url-run","dataobjectselectsearch","dataobjectselectsearch-run","query-params","path","format-item","auto-complete-type","serialize-item","serialize-item-master","serialize-item-full","link-item"],"childShapes":[],"bounds":{"lowerRight":{"x":318.6,"y":244},"upperLeft":{"x":15,"y":196}},"outputmappingproperties":{"options":{"type":"formlist","placeholders":[]},"query-params":{"type":"formlist","placeholders":[]},"custom-validations":{"type":"formlist","placeholders":[]},"modelevents":{"type":"formlist","placeholders":[]}},"properties":{"stencilid":"cloud-single-select","stencilsuperid":"base-single-select","stencilsuperids":["base-single-select"],"customstencil":false,"tags-enabled":false,"notes":"","preselect-all":false,"client-side-filtering":false,"selection-error-msg":"","selection-error-msg_en_us":"","selection-error-msg_it_it":"","selection-error-msg_es_es":"","selection-error-msg_fr_fr":"","selection-error-msg_de_de":"","selection-error-msg_i18n-key":"","min-error-msg":"","min-error-msg_en_us":"","min-error-msg_it_it":"","min-error-msg_es_es":"","min-error-msg_fr_fr":"","min-error-msg_de_de":"","min-error-msg_i18n-key":"","max-error-msg":"","max-error-msg_en_us":"","max-error-msg_it_it":"","max-error-msg_es_es":"","max-error-msg_fr_fr":"","max-error-msg_de_de":"","max-error-msg_i18n-key":"","min-items":"","min-items-run":"","max-items":"","max-items-run":"","enable-autocomplete":false,"autocomplete-min-length":"1","autocomplete-min-length-run":"","placeholder":"","placeholder_en_us":"","placeholder_it_it":"","placeholder_es_es":"","placeholder_fr_fr":"","placeholder_de_de":"","placeholder_i18n-key":"","enabled":true,"enabled-run":"","datasource":"Static","options":"{{flw.remove.byAttr($itemParent.$itemParent.entities, 'L1_Entity_Nm', $itemParent.L1_Entity_Nm)}}","options-run":"{{flw.remove.byAttr($itemParent.$itemParent.entities, 'L1_Entity_Nm', $itemParent.L1_Entity_Nm)}}","table-key":"","table-key-run":"","master-data-include-translations":false,"query-url":"","query-url-run":"","lookup-url":"","lookup-url-run":"","dataobjectselectsearch":"","dataobjectselectsearch-run":"","query-params":"","path":"","search-query":"","link-target-view":"browse","format-item":"{{$item.L1_Entity_Nm}}","auto-complete-type":"Full","serialize-item":"value","serialize-item-master":"id","serialize-item-full":"","link-item":"","link-target":"_blank","label-position":"top","tooltip":"","tooltip_en_us":"","tooltip_it_it":"","tooltip_es_es":"","tooltip_fr_fr":"","tooltip_de_de":"","tooltip_i18n-key":"","value":"{{L1Entity}}","default-value":"","description":"","description_en_us":"","description_it_it":"","description_es_es":"","description_fr_fr":"","description_de_de":"","description_i18n-key":"","col-span":"1","ignored":false,"ignored-run":"","visible":true,"visible-run":"","required":false,"required-run":"","style-class":"","documentation":"","custom-validations":"","validation-panel-display":"show","label":"Select L1 Entity","label_en_us":"Select L1 Entity","label_it_it":"","label_es_es":"","label_fr_fr":"","label_de_de":"","label_i18n-key":"","id":"single-select1","width":"200","height":"","col":1,"col-align":"fill","col-weight":"","row":2,"row-align":"top","row-weight":"","size":4,"description-position":"bottom","description-align":"left","node-type":"","modelevents":{"totalCount":1,"items":[{"eventType":"onValueChange","expression":"{{true}}","resultVariable":"L1Selected"}]},"multi":false,"xmlTag":"select"},"ssextensions":[],"outgoing":[],"dockers":[],"labels":[{"styles":{"fill":"#000000","size":"12","italic":false,"bold":false},"ref":"label_text"},{"styles":{"fill":"#000000","size":"12","italic":false,"bold":false},"ref":"input_text"},{"styles":{"fill":"#000000","size":"12","italic":false,"bold":false},"ref":"desc_text"}]}],"bounds":{"lowerRight":{"x":985.8000000000001,"y":294},"upperLeft":{"x":15,"y":25}},"outputmappingproperties":{"custom-validations":{"type":"formlist","placeholders":[]},"modelevents":{"type":"formlist","placeholders":[]}},"properties":{"stencilid":"cloud-sub-panel","stencilsuperid":"SubSlotPanel","stencilsuperids":["SubSlotPanel"],"customstencil":false,"label":"{{L2_Entity_Nm}}","label_en_us":"{{L2_Entity_Nm}}","label_it_it":"","label_es_es":"","label_fr_fr":"","label_de_de":"","label_i18n-key":"","notes":"","label-position":"top","tooltip":"","tooltip_en_us":"","tooltip_it_it":"","tooltip_es_es":"","tooltip_fr_fr":"","tooltip_de_de":"","tooltip_i18n-key":"","value":"","default-value":"","description":"","description_en_us":"","description_it_it":"","description_es_es":"","description_fr_fr":"","description_de_de":"","description_i18n-key":"","col-span":"1","ignored":false,"ignored-run":"","visible":true,"visible-run":"","enabled":true,"enabled-run":"","required":false,"required-run":"","style-class":"","documentation":"","custom-validations":"","validation-panel-display":"show","id":"sub-panel1","width":64.65,"height":"","col":1,"col-align":"fill","col-weight":"","row":1,"row-align":"top","row-weight":"","size":12,"description-position":"bottom","description-align":"left","node-type":"","modelevents":"","options":"","modal-button-text":"","modal-button-text_en_us":"","modal-button-text_it_it":"","modal-button-text_es_es":"","modal-button-text_fr_fr":"","modal-button-text_de_de":"","modal-button-text_i18n-key":"","modal-open":"","collapsible":true,"collapsed":true,"collapsed-run":"","show-border":true,"modal-width":"","save-button-text":"","save-button-text_en_us":"","save-button-text_it_it":"","save-button-text_es_es":"","save-button-text_fr_fr":"","save-button-text_de_de":"","save-button-text_i18n-key":"","save-button-visible":true,"save-button-visible-run":"","save-button-enabled":true,"save-button-enabled-run":"","cancel-button-text":"Delete","cancel-button-text_en_us":"Delete","cancel-button-text_it_it":"","cancel-button-text_es_es":"","cancel-button-text_fr_fr":"","cancel-button-text_de_de":"","cancel-button-text_i18n-key":"","cancel-button-visible":true,"cancel-button-visible-run":"","cancel-button-enabled":true,"cancel-button-enabled-run":"","xmlTag":"panel"},"ssextensions":[],"outgoing":[],"dockers":[],"labels":[{"styles":{"fill":"#000000","size":"12","italic":false,"bold":false},"ref":"label_text"}]}],"bounds":{"lowerRight":{"x":1049,"y":369},"upperLeft":{"x":50,"y":50}},"oldResourceId":"sid-8D9FC954-EB33-4C05-ADF0-5706EF50E974","properties":{"stencilid":"SlotPanel","stencilsuperid":"SlotPanel","stencilsuperids":["SlotPanel"],"customstencil":false,"id":"panel1","notes":"","width":"300"},"ssextensions":[],"outgoing":[],"dockers":[]}],"bounds":{"lowerRight":{"x":1485,"y":1050},"upperLeft":{"x":0,"y":0}},"outputmappingproperties":{"outcomes":{"type":"formlist","placeholders":[]},"events":{"type":"formlist","placeholders":[]},"custom-validations":{"type":"formlist","placeholders":[]}},"properties":{"stencilid":"XForm","stencilsuperid":"XForm","stencilsuperids":["XForm"],"customstencil":false,"id":"uIT_111_Form_Hem_Manage_L2_Entities","notes":"","name":"UIT_111_Form_Hem_Manage_L2_Entities","guid":"FORM_MODEL-a7089eae-2733-4d6f-b774-2e5c37eb7f9b","creationdate":"2023-05-03T17:28:58.373Z","modificationdate":"2023-05-16T14:28:43.095Z","outcomes":"","outcomevariablename":"","events":"","dialog-size":"","dialog-size-run":"","dialog-title":"","dialog-title_en_us":"","dialog-title_it_it":"","dialog-title_es_es":"","dialog-title_fr_fr":"","dialog-title_de_de":"","dialog-title_i18n-key":"","dialog-description":"","force-validation":"","custom-validations":"","validation-panel-display":"show","description":""},"ssextensions":[],"stencilset":{"url":"./app/editor_stencilset","paletteKey":"flowable-form-palette","namespace":"http://b3mn.org/stencilset/xforms2.0#"}}}