{"id":"SERVICE_DEFINITION_MODEL-4adcf353-2f7c-4664-ac7d-25991695c859","name":"UIT_111_Service_HEM_Entities","key":"uIT_111_Service_HEM_Entities","description":null,"tenantId":"default","editorJson":{"type":"REST","config":{"baseUrl":"http://nifi1:8000/uit_111/HEM"},"tenantId":"default","operations":[{"name":"Lookup","key":"findById","inputParameters":[{"displayName":"Input 1","name":"","mappingName":"","required":false,"type":"string"}],"outputParameters":[],"config":{},"type":"lookup"},{"name":"Create","key":"create","inputParameters":[{"displayName":"Entities","name":"entities","mappingName":"entities","required":false,"type":"array"}],"outputParameters":[],"config":{"method":"POST"},"type":"create"},{"name":"Update","key":"update","inputParameters":[{"displayName":"Entities","name":"entities","mappingName":"entities","required":false,"type":"json"}],"outputParameters":[{"displayName":"Entities","name":"entities","nullValueConfig":"setToNull","missingValueConfig":"ignore","mappingName":"entities","type":"json"},{"displayName":"L1Names","name":"l1Names","nullValueConfig":"setToNull","missingValueConfig":"ignore","mappingName":"l1Names","type":"json"}],"config":{"method":"POST"},"type":"update"},{"name":"Delete","key":"delete","inputParameters":[],"config":{},"type":"delete"},{"name":"getAllEntities","key":"getAllEntities","inputParameters":[],"config":{"method":"GET"},"type":"search","outputParameters":[{"displayName":"Entities","name":"entities","nullValueConfig":"setToNull","missingValueConfig":"ignore","mappingName":"entities","type":"json"},{"displayName":"L1Names","name":"l1Names","nullValueConfig":"setToNull","missingValueConfig":"ignore","mappingName":"l1Names","type":"json"}]}],"outputParameters":[{"displayName":"Entities","name":"entities","nullValueConfig":"setToNull","missingValueConfig":"ignore","mappingName":"entities","type":"json"},{"displayName":"L1Names","name":"l1Names","nullValueConfig":"setToNull","missingValueConfig":"ignore","mappingName":"l1Names","type":"json"}],"referenceKey":"uIT_111_DataObj_HEM_Entities"}}