{"id":"APP_MODEL-d4a8a63c-bacd-467d-b312-3e696a69156a","name":"Hem_Dashboard_SubForm_POC","key":"hem_Dashboard_SubForm_POC","description":"","editorJson":{"models":[],"cmmnModels":[],"formModels":[{"id":"FORM_MODEL-b34a899b-ae21-4400-b3ac-3013a974df36","name":"UIT_111_Form_Hem_Dashboard","version":140,"modelType":2,"description":"","createdBy":"akashb21","lastUpdatedBy":"akashb21","lastUpdated":"2023-05-11T20:06:13.780+00:00","lockedBy":"akashb21","lockedAt":"2023-05-11T19:30:23.185+00:00","key":"uIT_111_Form_Hem_Dashboard","tenantId":"default","tags":[],"modelLockingEnabled":true,"modelEditable":false,"isModelEditable":false,"isModelLockingEnabled":true},{"id":"FORM_MODEL-a7089eae-2733-4d6f-b774-2e5c37eb7f9b","name":"UIT_111_Hem_Dashboard_ManageL2Entities","version":89,"modelType":2,"description":"","createdBy":"akashb21","lastUpdatedBy":"akashb21","lastUpdated":"2023-05-12T03:11:47.844+00:00","lockedBy":"akashb21","lockedAt":"2023-05-11T20:07:11.218+00:00","key":"uIT_111_Hem_Dashboard_ManageL2Entities","tenantId":"default","tags":[],"modelLockingEnabled":true,"modelEditable":false,"isModelEditable":false,"isModelLockingEnabled":true}],"dmnModels":[],"decisionServiceModels":[],"workModels":[{"id":"SERVICE_DEFINITION_MODEL-4adcf353-2f7c-4664-ac7d-25991695c859","name":"UIT_111_Service_HEM_Entities","version":50,"modelType":13,"createdBy":"sarang","lastUpdatedBy":"akashb21","lastUpdated":"2023-05-11T19:30:09.804+00:00","lockedBy":"akashb21","lockedAt":"2023-05-11T19:29:59.756+00:00","key":"uIT_111_Service_HEM_Entities","tenantId":"default","tags":[],"modelLockingEnabled":true,"modelEditable":false,"isModelEditable":false,"isModelLockingEnabled":true},{"id":"DATA_OBJECT_MODEL-2325db5e-b11b-4ce3-b9ed-e8af310c4ea5","name":"UIT_111_DataObj_HEM_Entities","version":5,"modelType":11,"createdBy":"sarang","lastUpdatedBy":"akashb21","lastUpdated":"2023-05-11T13:40:34.649+00:00","lockedBy":"akashb21","lockedAt":"2023-05-05T15:09:53.760+00:00","key":"uIT_111_DataObj_HEM_Entities","tenantId":"default","tags":[],"modelLockingEnabled":true,"modelEditable":true,"isModelEditable":true,"isModelLockingEnabled":true}],"linkedModels":[],"pages":[{"id":"PAGE_MODEL-e7be8137-43e0-44b8-a770-0c2f80ad7d16","name":"UIT_111_Page_Hamburger_Entity_Management_Dashboard","version":96,"modelType":9,"description":"","createdBy":"sarang","lastUpdatedBy":"akashb21","lastUpdated":"2023-05-11T20:10:10.394+00:00","lockedBy":"akashb21","lockedAt":"2023-05-11T20:06:08.707+00:00","key":"uIT_111_Page_Hamburger_Entity_Management_Dashboard","tenantId":"default","tags":[],"label":"UIT_111_Page_Hamburger","url":"UIT_111_Page_Hamburger","i18n":{},"modelLockingEnabled":true,"modelEditable":false,"isModelEditable":false,"isModelLockingEnabled":true}],"theme":"theme-1","icon":"glyphicon-asterisk","name":"Hem_Dashboard_SubForm_POC","key":"hem_Dashboard_SubForm_POC","flowApp":true,"i18n":{},"isRelease":false}}